Rank,Username,Score,PurpleStones,Cards rare,Cards epic,Cards legendary,NFT,PIXEL,USD (ref.),userId
1,ZeroDecibel,255290960.08,443992,8200,6410,1670,1.3,-,-,6029274073
2,Jeff_nart,249687032.4,658440,5236,4358,1076,1.3,-,-,7050913884
3,Liss136,249184185.35,582579,6220,4874,1196,1.3,-,-,876593218
4,zer0viux,182386492.99,352090,9173,5778,1324,1.3,-,-,1768903538
5,mistermfm,179705819.59,553428,6044,3568,813,1.3,-,-,5486310232
6,vaughnivan,124902771.08,383182,4723,3667,925,1.3,-,-,5019516605
7,saveliy59,102415127.88,389580,3669,3001,745,1.3,-,-,448715519
8,o1avit,90762066.59,326782,3999,3142,784,1.3,-,-,5884079775
9,MegaboxBS,83852456.69,397008,3820,2389,516,1.3,-,-,164190065
10,MikePerry,66961231.92,347688,3465,2808,727,-,-,-,139208852
11,DDD7371,60676440,430000,2715,1658,397,1.2,-,-,474210589
12,NiPS19,60308340.51,320057,3126,2548,626,1.1,-,-,1710565673
13,Skif3110,58518865.92,326848,4265,2523,597,-,-,-,6428312504
14,ponk3502,55934400.6,356770,2130,1760,455,1.3,-,-,7455152476
15,LilyJustAFlower,53176468.8,275640,2849,2267,509,1.3,-,-,253668293
16,Phoenix_f1re,47754431.12,300520,3385,2027,488,1.1,-,-,890094493
17,khiroshin,47239015.86,236589,2832,2279,559,1.3,-,-,5232525961
18,Overlordss,46892630.4,364980,2693,1719,373,1.1,-,-,569649470
19,Saturn26rus,46635209.6,314720,2777,2227,526,-,-,-,42457442
20,GWprp,45009904.9,372864,2555,1633,342,1.1,-,-,174430893
21,Cyberblazer,43662240,324000,2707,1601,362,1.2,-,-,5458875996
22,AnitaWilson2020,41469120,264000,3073,1879,428,1.2,-,-,6889389416
23,enchikkcc,40739348.5,272944,3308,1937,435,1.1,-,-,7007536572
24,MyMindFlop,35548585.38,363594,2221,1362,337,-,-,-,5347989754
25,Muhraj1,30343410.38,321748,1659,1130,271,1.2,-,-,270318611
26,LionDY,30280705.28,365356,1596,1214,295,-,-,-,6825618482
27,toniypol,29056903.2,275944,2425,1485,355,-,-,-,7284929685
28,ilyuxa,28674568,334000,1206,956,243,1.3,-,-,46681647
29,TimTLT,27588486.74,308952,1247,1044,239,1.3,-,-,1187896467
30,Dsverba,25673365.74,285304,1598,978,229,1.3,-,-,994336086
31,ProServisVL,23750688,304496,1326,888,241,1.2,-,-,1214157058
32,emmendoza,23436944.45,264932,1403,1093,259,1.2,-,-,441438828
33,MarksonL33t,23402500,185000,3000,1850,400,-,-,-,819325194
34,crypto_avocado,23362785.89,335788,1300,836,189,1.2,-,-,5896508558
35,sw_iceman,23193684.8,381632,919,722,149,1.3,-,-,552752256
36,Ez_ppp,22896326.88,273670,1544,926,255,1.2,-,-,2011840113
37,7622298574,21015172.51,359246,1256,804,155,1.1,-,-,7622298574
38,Aurora11000,19875659.76,218222,2042,1252,321,-,-,-,7441598034
39,K_M_A05,19237722.46,315740,1257,764,189,1.1,-,-,358790126
40,F_E_S_S_1,18933115.04,246782,1739,1061,265,-,-,-,6790941148
41,Harabas,18301920,364000,798,604,148,1.2,-,-,1983366905
42,7468714637,18141013.8,231420,1457,1164,279,-,-,-,7468714637
43,ronaldrei3030,18105000,204000,2012,1231,307,-,-,-,6407555829
44,sergidji,17747769.91,336674,745,620,135,1.3,-,-,5115231282
45,2093798465,17026796.71,263830,1065,864,211,1.1,-,-,2093798465
46,Galaa111,16984256.52,239316,1254,981,280,-,-,-,7494003158
47,Teona100,16745744.88,195354,2012,1210,283,-,-,-,7293864409
48,rudy_sv,16287905.38,262488,1197,758,160,1.2,-,-,5534354979
49,7980192923,15658673.58,295614,1237,760,168,-,-,-,7980192923
50,Gufisd,15629338.03,254086,1316,752,192,1.1,-,-,534189589
51,Anne156,14987678.4,251640,1343,901,181,-,-,-,7086375196
52,llleeegggeeennntttuuurrraaa,14931426,218200,1616,959,225,-,-,-,5623408008
53,Resident747,14875524.8,221983,1349,831,215,1.1,-,-,812325627
54,Dreamer00112,14746119.7,280686,1117,753,130,1.1,-,-,7408237390
55,TK43j2c6sZ,14742364,202000,957,839,204,1.3,-,-,5302704331
56,yd_alabama,14727782.94,289820,888,557,125,1.3,-,-,981404733
57,jianthann,14571518.99,339046,748,466,106,1.3,-,-,8198585439
58,upstreak24,14460961.79,302442,675,521,134,1.3,-,-,755683300
59,ludzakura,14296326.66,260820,1194,753,143,1.1,-,-,510639825
60,radele4ka,14287280,217000,1136,956,248,-,-,-,244188668
61,NVnight,14268501,351000,724,451,95,1.3,-,-,519938217
62,marratik,14253587.09,202256,1269,794,167,1.3,-,-,1534325066
63,alabamagee,13985370,281000,1061,682,177,-,-,-,6196384305
64,snow_illustration,13828411.58,247608,1059,645,156,1.2,-,-,6844594341
65,Sergbarey,13750418.95,325446,846,535,129,1.1,-,-,1329819814
66,Ludmila_crypto,13697459.04,242992,1304,761,195,-,-,-,6635331519
67,Tio142,13578593.6,237388,1271,813,191,-,-,-,7452257204
68,Ivangoto,13483846.51,282698,843,492,125,1.3,-,-,842070363
69,mnb550,13473381.6,271400,885,564,146,1.2,-,-,319926394
70,lytvynoleh,13410683,191000,1457,922,206,1.1,-,-,898195354
71,CriptoVSB,13386911.86,282842,1173,680,142,-,-,-,1593564683
72,notcoin_az,13380900,188000,1026,813,191,1.3,-,-,2132563147
73,kelinaayy,13270977.92,283084,941,699,155,-,-,-,8470310132
74,mentiou,13192150.01,255355,746,566,143,1.3,-,-,6149077801
75,ZhNiNa,13087828.99,303296,823,521,111,1.2,-,-,1341445626
76,YURII_26,13017862,253000,914,588,118,1.3,-,-,908538039
77,5718416241,13000970.58,196170,894,708,198,1.3,-,-,5718416241
78,Tolik2015,12996357.44,242108,1196,724,190,-,-,-,7430692417
79,luckedra,12755787.41,283752,794,478,113,1.3,-,-,422542802
80,tuomb,12697572.45,219442,1025,632,143,1.3,-,-,5157529461
81,steel_man568,12524512,154000,1105,907,233,1.3,-,-,7996431060
82,krikitalmas,12457100.24,181210,978,730,202,1.3,-,-,1754966012
83,daxdaxy,12455803.36,262360,995,597,143,1.1,-,-,1229692545
84,vitaliy311017,12420761.6,298576,965,615,125,-,-,-,6777729604
85,Igor_Bondarev,12403532.28,295646,915,543,117,1.1,-,-,373056971
86,Natlam85,12352689.65,332008,483,413,104,1.3,-,-,5092276545
87,Matviy123q,12257470.6,197510,1376,880,209,-,-,-,5478832646
88,7118747854,12081728.12,172942,1611,995,229,-,-,-,7118747854
89,UpViewMarketing,11957400,146000,1219,897,229,1.3,-,-,730151615
90,Artem000_07,11798820,198000,1072,899,209,-,-,-,6367466725
91,naimstav,11550814.8,255832,845,640,165,-,-,-,119472428
92,snow_hello,11430720,240000,929,560,126,1.2,-,-,7396023964
93,hiimkat,11320539.48,153063,1763,1041,241,-,-,-,256562490
94,7617055114,11207038.4,235640,1082,658,160,-,-,-,7617055114
95,Gondurapsina,11126774.75,309550,491,388,101,1.3,-,-,350450110
96,ZVV2411,10854385.06,347496,520,331,99,1.2,-,-,6200382100
97,7660393399,10623662.8,222952,1103,644,163,-,-,-,7660393399
98,A_O_A_07,10416370.64,278990,457,395,113,1.3,-,-,1829612750
99,Vladimir_crypta,10227627.84,351320,570,342,73,1.2,-,-,6234324905
100,yanahrybava,10026654,258000,822,517,106,1.1,-,-,1667587222
101,sitofitness,10000952,148000,1194,708,178,1.3,-,-,506769695
102,Artyrios,9717537.28,162392,1429,865,186,-,-,-,483069179
103,thesemenko,8428845.88,267260,458,336,86,1.3,-,-,488633056
104,skaydaulov,8296561,157430,1267,711,177,-,-,-,446493264
105,TakeMyEnerGy13,7980167.94,242824,436,364,90,1.3,-,-,1348477787
106,dondon_coin,7930864.66,105039,1469,891,205,1.2,-,-,5387693655
107,Iq753,7840495.08,245445,517,399,109,1.1,-,-,1638785247
108,AleksiDemon,7640687.87,134146,1178,760,162,1.1,-,-,1127433411
109,NazarKaleniuk,7454200,122000,1324,882,204,-,-,-,8400749520
110,trideniz,7078949.15,210245,579,496,120,-,-,-,7049624393
111,Freeda_Free,6792880,218000,654,414,112,-,-,-,6568184487
112,weizob,6418853.1,216123,587,421,102,-,-,-,7183935425
113,runnerforest,6015024.4,169820,883,523,99,-,-,-,1706902193
114,gusobnim,5465046.05,145824,792,495,103,1.1,-,-,1472237454
115,MannyAntoni,5220198.86,106674,761,639,130,1.2,-,-,6345955249
116,mariyaogi,4722725.8,362200,183,150,27,1.3,-,-,821631231
117,impazik,4657753.1,342860,185,120,40,1.3,-,-,815473191
118,Nohhyunjun,4454968.32,255680,261,207,47,1.2,-,-,5063531786
119,manrey33,4225723.59,130710,648,397,100,1.1,-,-,2031054289
120,redexed,3910957.05,140910,378,309,73,1.3,-,-,405670923
121,arith3d,3786353.69,133468,569,350,86,1.1,-,-,451022239
122,LisovskiArch,3677110.74,77234,887,708,165,-,-,-,349242428
123,Liza_Podavan,3218445,347940,154,127,29,-,-,-,7905402865
124,vvvstan,2893462,66440,964,617,144,-,-,-,871928502
125,Jonii42cm,2154168.4,286840,153,96,21,-,-,-,7271712322
126,VitosVo,2079402,159000,162,148,30,1.3,-,-,1838223811
127,TheSwoleHermit,1784978.62,46576,517,407,111,1.3,-,-,633851641
128,Mikhaill_Freeman,1598487.7,133944,130,116,34,1.3,-,-,988810706
129,liprik0n,1582812.14,90524,283,194,38,1.3,-,-,449360979
130,Kgogu9,1375480,251000,102,62,16,-,-,-,743348433
131,Novator_bit,965610.1,36590,587,354,89,-,-,-,452068443
132,Vladimir_2007S,728871.7,29862,338,282,75,1.2,-,-,531532916
133,GekaDS,492306.82,36239,240,165,40,1.1,-,-,841654608
134,nYarkz18,489109.94,24730,399,273,48,1.1,-,-,5591072966
135,crazik73,412720,70000,128,66,11,1.1,-,-,1532308789
136,Mutadeny,366460,146000,32,23,5,-,-,-,1346376160
137,KIG6060,340454.16,49774,149,75,21,-,-,-,517400935
138,yadoo0304,259585.24,19673,218,139,28,1.3,-,-,1671692924
139,dominoshka_1980,248376.46,20578,259,166,35,-,-,-,1201853658
140,BigboyPelayo,216373.7,16928,275,159,31,1.1,-,-,7039478002
141,7922698433,206403,32100,136,69,20,-,-,-,7922698433
142,Pr1nstream,189465.9,13130,348,175,47,-,-,-,8154683521
143,AigaIscenko,154960,16000,129,92,24,1.3,-,-,1712114382
144,7957438831,106315.04,12640,127,80,18,1.3,-,-,7957438831
145,choypayatot,97188.04,12476,140,123,17,-,-,-,1857394009
146,Giniphg,89880,12000,161,86,23,-,-,-,7219031801
147,vitaliyrtrk,87660,18000,96,57,12,-,-,-,520639515
148,1971445964,61406.48,10792,114,65,16,-,-,-,1971445964
149,Mdbhai1234,30987.6,6510,114,64,7,-,-,-,1966813902
150,jant03,29606.85,4095,160,91,19,-,-,-,5009998565
151,wasapok1111,27640,4000,150,87,18,-,-,-,1736242159
152,logologo91,19380,6000,67,32,6,-,-,-,7458349978
153,fearmel,18427.64,3860,74,50,11,1.1,-,-,2311763
154,Oddventurer,16099.2,2880,108,67,15,-,-,-,2035602743
155,poIlos,8923.2,1600,109,66,10,1.1,-,-,408320257
156,7984896899,0,0,120,96,24,-,-,-,7984896899
157,6388230137,0,0,107,90,23,1.3,-,-,6388230137
158,Aziat_Dikiy,0,0,119,78,23,-,-,-,1126565403
159,BestLyubov,0,0,108,88,19,-,-,-,5091197605
160,OlgaKone76,0,0,121,76,18,1.3,-,-,5188417924
161,LeoBroncos,0,0,82,73,10,1.3,-,-,579515680
162,Gofard,0,0,82,41,12,-,-,-,239905608
163,Maks_G7,0,0,66,51,13,-,-,-,1816011478
164,Benssoonn,0,0,11,9,0,1.1,-,-,784567003
165,dastxrd,0,0,0,0,0,-,-,-,1761505662
166,niceneys,0,0,0,0,0,1.2,-,-,347194109
167,philipp13,0,0,0,0,0,-,-,-,974362731
168,miguelaamigo,0,0,0,0,0,-,-,-,953057469
169,TwinTBeast,0,0,0,0,0,1.1,-,-,316218079
170,Aleks_pion_3,0,0,0,0,0,1.1,-,-,372099716
171,torChun21,0,0,0,0,0,1.1,-,-,885707952
172,purple_oo,0,0,0,0,0,-,-,-,114723630
173,deerbyy,0,0,0,0,0,-,-,-,874109198
174,AlekseiMatwur127,0,0,0,0,0,-,-,-,1030139836
175,SpecialSeeker2K,0,0,0,0,0,-,-,-,8367110007
176,tongread,0,0,0,0,0,1.1,-,-,821419354
177,TimkaXx,0,0,0,0,0,-,-,-,795236055
178,7879595104,0,0,0,0,0,-,-,-,7879595104
179,ganja774,0,0,0,0,0,-,-,-,763808688
180,stfk17,0,0,0,0,0,-,-,-,470008933
181,ZappZaddy,0,0,0,0,0,-,-,-,2109055786
182,fxssue,0,0,0,0,0,-,-,-,5108673347
183,Cosmos_up,0,0,0,0,0,-,-,-,5344776090
184,Encoridge,0,0,0,0,0,-,-,-,197240679
185,densmall,0,0,0,0,0,-,-,-,653447792
186,nwnow,0,0,0,0,0,-,-,-,5901144647
