userId,score,purpleStones,rare,epic,legendary
7294869969,262339207.08,381812,16300,9763,2302
7281220999,215957715.84,391824,13039,8019,1792
5171202638,187882375.04,354736,9893,7857,1940
470385772,107328826.40,309020,7998,4998,1164
239905608,97999940.80,376720,4716,3756,993
7452257204,89233254.00,178860,11801,7243,1626
6997354013,63765297.00,263700,4566,3675,849
5115231282,45866180.80,113060,7503,6065,1477
7622298574,34290360.00,204000,3145,2498,607
7219031801,32973846.40,142880,4381,3499,810
253668293,27386800.00,140000,3600,2934,706
1328868526,25732900.00,170000,5308,1863,414
488633056,21328500.00,150000,2528,2097,530
1544756804,21130675.40,153980,2645,2046,484
7137111548,20865100.00,137000,5472,1946,382
7203677413,19809220.00,134000,5179,1908,378
1341445626,17274135.40,109420,3748,2233,524
1967324429,16909136.00,149440,2601,1568,391
7658577292,14315542.29,128379,3945,1392,293
7565506268,13854640.80,120120,4167,1509,274
6234324905,12873871.20,89520,3343,2026,486
7393448625,12523875.20,110870,4089,1379,297
6200382100,12458908.00,85160,3447,2121,472
244188668,12264720.00,78000,5520,2028,402
8067866852,12106963.20,81364,5363,1879,378
7228834102,8810400.00,120000,2551,957,182
6196384305,8564940.00,81000,2617,1539,324
6018976994,8395791.80,144980,2053,726,146
1124057555,8287500.00,162500,1871,623,126
1807087416,7465040.00,88000,2045,1216,269
585323093,6509360.00,88000,1734,1071,235
8056178846,5221260.00,54000,3345,1218,257
8400749520,5178740.00,71000,2153,997,205
5291224325,4593505.60,91760,1675,617,138
659522951,4422834.00,165960,887,336,67
7966464633,3866400.00,45000,3118,1078,214
5188417924,3785760.00,72000,1550,706,149
7208000567,3764860.00,109000,1183,457,80
240324260,3521987.70,104170,1188,461,71
7621971050,3318400.00,68000,1660,640,120
362746377,3116068.32,78808,1320,488,107
8154683521,2935848.30,56210,1207,752,166
1573367502,2830952.40,61960,1575,558,122
465444742,2779500.00,75000,1296,490,84
8484514809,2726360.00,52000,1770,661,139
7748181667,2478420.00,42000,2082,723,155
270318611,2408581.76,68116,799,489,117
1897557211,2364876.00,72990,1064,362,99
162771742,2330393.60,37376,2063,814,163
6721792583,2266320.00,56000,1356,507,107
1213008615,2229040.00,68000,1135,401,84
7459181758,2156120.00,38000,2030,708,142
5164159910,2139726.60,89716,812,301,57
7936963528,2115130.00,31000,2514,893,153
8347001919,2113920.00,24000,3184,1098,223
6864541436,2042700.00,165000,406,144,30
8043592464,2013000.00,66000,1056,378,76
7042768236,1971275.00,135950,444,172,39
139246041,1844160.00,136000,456,170,29
6777729604,1821094.00,25960,2416,863,191
6506551765,1781641.80,37980,1747,598,105
591719855,1692800.00,46000,1316,468,86
7360096213,1657890.00,39000,1517,528,105
7441598034,1636080.00,34000,1668,618,119
1229692545,1629295.20,65910,847,315,58
5186578369,1527339.00,98538,488,194,38
8079532821,1465200.00,36000,1347,501,112
494224695,1443750.00,33000,1533,554,108
579515680,1370362.90,117830,354,143,28
7914051444,1301180.00,34000,1377,490,88
1127433411,1261780.00,46000,973,350,62
7935523194,1246440.00,34000,1274,424,102
7293864409,1241680.00,34000,1275,439,96
665234664,1223320.00,68000,642,239,34
6759093180,1206025.60,55120,774,278,48
7277037848,1173921.84,62244,641,235,44
7819811015,1171500.00,33000,1280,440,85
7591435175,1114520.00,44000,948,305,57
6507699416,1019310.00,61000,516,205,44
7993751882,1003200.00,32000,1106,373,81
6288891452,995407.60,59180,598,198,39
7209525995,955700.00,38000,873,304,63
7545216511,954240.00,64000,470,147,48
5325535418,950178.58,32341,981,369,75
542846406,947760.00,66000,520,162,33
5342480325,938160.00,52120,613,219,43
6403838608,933219.70,58730,541,206,33
394036065,932706.72,48884,539,263,48
490031968,916860.00,74000,448,147,25
8040112162,877880.00,34000,908,328,59
7296487828,871640.00,44000,639,224,57
2125825059,844000.00,40000,693,279,48
2132563147,832580.00,266000,38,35,7
7845231188,809100.00,30000,908,333,69
355371571,789250.00,35000,762,291,52
5078869454,739200.00,55000,451,171,28
5461403877,669772.80,65280,322,118,25
7213482967,649060.00,34000,685,218,47
6147880868,644160.00,66000,312,138,15
7677778674,641920.00,34000,678,230,42
5600580750,623478.40,24820,885,289,66
1008707796,611737.20,40620,557,183,30
5387693655,609064.96,16994,1275,463,82
268027060,599820.00,39000,502,192,36
7227823386,578885.82,43558,481,156,28
6954519596,572220.00,34000,568,215,37
1068793041,564687.20,45835,455,139,26
6635331519,556404.90,41430,481,154,30
970546364,538656.00,29760,611,213,46
6999381040,506001.60,72080,209,81,15
457365559,505200.00,40000,470,151,24
6975347798,482073.00,37370,430,170,25
1343254935,480740.00,43000,370,136,24
576894782,476700.00,42000,325,120,35
328465245,475960.00,73000,189,71,15
1214157058,472640.00,56000,243,117,15
534189589,449480.00,34000,387,135,43
7514395360,427050.00,9000,1804,617,99
5427142064,416382.36,40902,330,116,24
5734339216,406780.00,22000,660,223,42
451022239,403949.92,39916,326,122,22
6508151935,396000.00,40000,276,118,26
736737015,394016.98,59881,252,82,6
58868907,393960.00,98000,95,49,6
117674425,391680.00,32000,387,149,29
1406391782,367500.00,42000,309,92,19
405670923,362880.00,36000,331,109,25
560189662,362823.55,40091,313,104,18
1791206078,361670.00,61300,171,53,16
7931796637,361651.32,27151,484,166,25
7564132047,356754.20,52310,223,73,14
5320633298,355680.00,26000,463,145,37
7206141984,346400.00,40000,295,97,18
1185535474,328300.00,14000,757,306,57
7430692417,321400.80,5880,1931,715,129
7817622240,317151.15,22899,441,178,31
7237970931,315492.32,55156,197,65,8
7826940025,296700.00,230000,23,2,0
6994622730,296691.50,41150,184,89,17
2135000748,291754.50,52950,173,56,11
7687458170,290498.29,19993,505,186,29
6653657312,284581.80,42730,201,75,14
304264566,275631.30,42210,204,73,13
6877314004,272746.80,38040,235,74,16
6631792962,246568.00,41650,210,74,6
7630861238,241532.20,41860,183,68,9
5835434348,241086.00,34940,254,82,9
505679114,235683.00,30450,271,91,13
1403397947,234452.40,10920,718,263,54
323745365,233392.00,23200,362,98,25
6041999738,222789.00,53045,127,41,7
126786472,222427.20,24880,274,120,16
5611341700,210052.02,25338,276,91,18
5232525961,209490.00,55864,44,47,9
393564236,203400.00,20000,330,109,26
6122901564,201977.60,33440,195,63,12
7472177159,201171.24,29411,234,80,11
8244793545,190789.20,142380,9,5,1
1010596987,190508.74,25034,266,85,14
448715519,186200.00,70000,40,32,3
6456851115,180960.00,52000,88,30,7
835790243,179713.26,36087,147,47,11
497486394,179627.16,51617,84,28,8
842229606,174613.80,20140,249,106,20
1114566121,170329.50,57350,61,22,7
6558292429,162731.40,26247,178,54,18
8380918725,160253.28,20234,284,86,15
1532308789,148720.00,26000,146,52,17
1736242159,141400.00,70000,23,13,4
5428900652,140900.70,24590,150,61,14
7488316772,132197.10,15870,266,89,20
8139540457,124911.30,17870,202,69,19
1882229300,124585.52,15419,211,99,20
6975353066,122565.60,35220,73,35,7
1015154256,120356.60,27230,122,30,13
1717982301,118716.00,30440,111,23,11
5908090045,111200.00,80000,18,7,0
2129922780,111020.00,12200,302,96,22
1148245739,108569.70,13743,277,81,17
441438828,108392.00,31880,51,43,6
511481747,104115.20,15680,213,67,15
1830055948,103064.00,15856,183,79,13
1028493245,102180.00,26000,118,35,7
5028631175,99893.30,23231,125,35,10
7895756083,99000.00,10000,279,107,29
474210589,97560.00,36000,60,27,3
2120766776,97440.00,14000,224,84,12
1319359943,94308.62,17054,153,60,12
470465514,94295.63,18239,130,59,11
7617055114,92033.40,58620,12,5,3
5038628988,91800.00,9000,310,120,25
7980192923,89198.80,25780,48,46,6
1314352002,88522.10,13810,201,50,19
5068903698,85589.90,8602,320,125,20
7000856934,82565.08,24869,77,25,8
414435554,82558.00,58970,21,3,1
6026195840,80094.72,10429,220,86,19
5278925766,78470.00,59000,17,2,1
7709218236,77280.00,12000,175,83,12
6266612133,76668.24,4972,514,176,40
8436995688,76440.00,13000,200,66,9
5398352096,74761.50,21670,82,31,7
6815887681,72100.00,57680,6,3,1
7345400242,71728.83,9921,214,93,13
225782761,69000.00,12000,184,67,9
7660393399,67059.60,47560,13,6,1
8380151989,61200.00,8000,202,81,22
7378360004,60660.20,13187,113,39,13
5718416241,60500.00,50000,12,3,0
1122016519,59811.05,10855,149,44,17
652478174,58849.03,13591,124,43,8
5091197605,55680.00,24000,30,14,6
8097278898,54000.00,36000,12,6,2
225870975,51986.00,37400,10,3,2
1376758870,51840.00,18000,70,26,4
565653479,51352.00,36680,21,3,1
1315330966,49701.84,40408,11,4,0
662381209,49375.10,8770,190,61,9
5347989754,48640.00,38000,16,4,0
1241433422,48317.44,37748,16,4,0
552752256,48240.00,24000,35,12,3
5970833383,47640.00,12000,116,37,7
519938217,47520.00,36000,14,6,0
551772560,47400.00,10000,153,57,5
1745365450,47260.01,15701,82,23,5
6221491790,46740.00,28500,16,6,3
804304664,46325.00,37060,10,5,0
540147946,45000.00,30000,16,8,1
65671538,44940.00,14000,84,39,2
1220038226,44270.92,33038,13,7,0
291266700,44160.00,24000,17,9,4
6903773599,44003.70,22566,46,13,1
5416107807,43840.00,32000,15,4,1
1180182691,42800.00,8000,147,56,12
821631231,40600.00,28000,15,10,0
527196465,40354.56,16272,60,16,4
6175911742,40190.40,27910,19,5,1
7905402865,38406.40,28240,12,8,0
1023424675,37872.36,23378,25,9,1
284063081,37840.00,11000,83,37,5
479131620,36480.00,16000,44,18,3
5892389797,36309.00,27930,15,5,0
1768903538,35420.00,14000,31,24,5
5160976186,35387.04,16692,45,19,1
1618000015,35280.00,4000,276,112,17
7642388331,34939.08,8823,113,41,6
8166190177,34652.80,3808,314,102,19
6154531879,34640.00,8000,120,41,9
5272272669,34558.20,23670,22,8,0
1196232556,34496.80,27820,14,0,1
285990583,34357.64,14081,59,25,1
6052880764,34138.40,24560,14,5,1
1329040762,34133.76,5926,167,53,15
706381844,34038.00,21960,21,8,1
1926293335,33660.36,6926,176,40,9
5938046467,33419.60,24940,9,5,1
559959288,33415.20,9520,98,31,6
5290557621,32868.48,5088,188,66,16
5268819176,31120.72,5479,156,54,15
5777612832,31050.00,15000,32,15,3
6716935574,30249.97,28271,4,1,0
7108194839,30030.00,21000,8,5,2
7183935425,29464.00,11600,38,22,5
2132687826,29326.00,6665,104,32,14
87429490,29220.00,6000,172,45,8
7073712514,28910.00,7000,123,40,7
558247379,28700.00,7000,113,39,8
8199320215,28651.20,7620,73,31,11
7802823206,28286.68,7814,81,37,7
8155107723,28080.00,4000,227,65,18
812325627,27500.00,22000,6,3,1
7102294582,26460.00,21000,17,3,0
5486310232,26155.80,15852,31,8,1
6930583808,25854.60,21020,11,4,0
1089457364,25627.50,7650,72,31,7
742264856,25406.40,8040,74,24,7
815473191,25264.80,19140,10,4,1
5966457828,25201.10,10957,43,19,3
913734941,24684.56,3181,295,67,18
6159408544,24392.30,6910,85,26,9
5763853281,24386.70,4810,142,45,13
5057145570,24129.00,6300,101,44,5
981404733,24000.00,16000,12,6,2
6869800839,23639.72,4394,157,57,11
7957203222,22860.00,18000,1,2,2
894332265,22837.00,4100,173,48,14
7951795160,22540.00,14000,18,11,1
1112268173,22278.29,4651,146,51,8
1875667875,22069.80,16470,13,7,0
1794197937,22014.20,16934,15,5,0
7395885228,21749.49,12719,20,7,3
5182570669,20750.40,11790,29,9,2
908538039,20440.00,14000,14,4,2
944958482,20280.00,13520,16,8,1
6824253900,20238.30,5970,81,26,8
1167677761,19761.58,9593,40,12,3
6345955249,19680.00,16000,11,4,0
6424183132,19473.20,4376,126,53,6
5757048360,19386.40,8812,52,16,2
7264793852,19320.00,6000,71,27,7
381955491,19140.18,4493,131,35,9
512558752,19117.28,5252,129,25,6
5032752661,19040.65,17795,4,1,0
6938368308,18844.22,12907,18,6,1
960019291,18151.26,5142,78,35,7
225067552,18150.00,15000,12,3,0
1911387338,18000.00,12000,20,10,0
5478832646,17990.00,7000,48,23,4
1947314625,17951.22,4749,80,36,9
335869079,17651.46,5398,88,33,4
835274189,17126.28,4068,119,44,7
1053531149,16623.90,4230,133,30,7
1386677381,16446.50,12950,5,4,1
8060747034,16428.75,5055,96,23,6
1780057518,16384.00,5120,80,30,5
1288660628,16206.08,12661,16,4,0
5485546235,16113.58,2506,171,74,15
1638785247,15961.60,6880,49,11,5
6790941148,15730.00,13000,8,1,1
5157204681,15719.50,7450,37,8,5
510639825,15366.40,6860,42,14,4
7391093771,15184.00,10400,14,4,2
110012229,14880.80,8360,28,10,2
7286184225,14843.53,2951,133,50,12
7555309305,14515.20,6480,46,16,3
1145164565,14504.60,4180,81,32,7
325423439,13738.50,3225,127,33,10
7179114624,13591.80,10068,16,3,1
6200588211,13540.00,2000,215,84,11
1783273435,13466.28,4596,67,22,6
7481033201,13160.00,4000,75,28,7
1717054210,13104.00,1600,239,90,21
405681915,13061.10,5122,42,31,2
5206082071,13032.64,4688,52,22,6
7536216295,12936.00,6600,57,13,0
7644499214,12846.60,9516,16,3,1
570645433,12761.76,9668,14,6,0
706559092,12716.48,5677,61,11,3
7271712322,12690.00,9000,13,6,1
6348080605,12690.00,9000,9,4,2
7049624393,12571.00,9670,15,5,0
1213187742,12447.09,2259,208,61,6
682071409,12300.00,2000,185,60,15
797278609,12035.36,2812,111,39,10
5583426818,11800.00,4000,86,33,1
171473955,11680.00,8000,14,4,2
1861261813,11456.00,1600,232,78,15
8087257421,11416.20,3180,74,25,11
6884984801,11370.63,4227,46,31,3
407258801,11360.00,8000,16,2,2
466143269,11088.45,3005,69,30,11
8017785357,11075.80,3505,67,33,5
1820544672,11025.00,7350,16,8,1
930727526,10992.10,3830,90,29,1
692978688,10943.31,5043,42,15,3
6663619473,10932.39,3283,81,34,5
1959857870,10788.45,3039,88,29,8
6693939100,10720.00,2000,139,59,12
1757116439,10580.00,2000,142,49,14
423032876,10413.90,2030,128,55,12
5283667791,10363.16,3649,53,27,5
5992950563,10333.20,3270,97,23,5
745830824,10296.00,7920,11,3,1
5449576216,10252.80,2670,120,48,2
6800547719,10160.10,6390,11,6,3
5074245642,10058.40,7620,10,4,1
7014044236,10000.00,8000,10,5,0
7303700916,10000.00,4000,40,20,5
5110638937,9881.68,3316,64,18,8
1733219188,9812.00,4400,58,15,2
556203641,9776.16,3504,48,27,5
844410487,9740.50,3025,71,27,7
5100373117,9698.00,7460,15,5,0
757886518,9534.01,2641,77,28,10
1472237454,9520.00,8000,13,2,0
6885164100,9233.28,5496,26,14,0
5207196849,9151.20,3280,75,28,2
7590447502,9069.17,2843,61,26,8
6449739444,8920.83,2887,86,31,3
338431880,8890.00,7000,9,6,0
1998742355,8803.52,1952,123,56,6
531076048,8740.88,2953,85,27,3
1480317913,8732.50,4990,22,11,2
5009998565,8629.60,5360,10,7,3
5904494464,8610.00,3000,55,24,6
452068443,8590.00,8590,0,0,0
801298067,8559.10,2510,92,33,5
5150453789,8504.96,6208,15,4,1
153970160,8502.00,2725,61,27,7
1143354705,8060.00,2000,120,31,9
741720483,8059.80,3990,38,8,4
996442508,7981.25,6385,10,5,0
6088383024,7973.00,2278,83,29,8
294090781,7935.84,1837,113,43,9
907208028,7891.62,3261,44,16,5
1782506893,7791.00,3675,45,19,1
2091620168,7730.00,1000,248,85,17
990954612,7680.00,6000,12,2,1
5104441865,7624.89,2793,54,13,8
5247436344,7593.30,1947,112,36,7
6107648506,7545.45,2805,41,16,8
773586364,7464.34,3022,53,18,4
2036525234,7403.76,2184,85,28,7
7732105685,7310.00,1000,228,81,16
1237731676,7304.10,3765,31,11,3
5378466057,7260.00,6000,12,3,0
6565905915,7253.40,3140,35,22,3
677442665,7176.96,2848,54,16,5
724052029,7137.32,3274,57,17,1
990219439,7110.00,2370,67,21,7
429476104,7076.16,2808,70,24,1
108465016,7006.00,3100,53,21,1
313594367,6926.40,3330,35,11,4
7202669741,6908.50,2050,75,34,6
5120024203,6864.00,4800,12,7,1
504342674,6726.20,3980,21,6,3
7482248395,6720.00,4000,18,10,2
7173030688,6660.00,2000,73,30,7
1782435499,6580.80,1440,126,37,12
514726175,6543.68,1352,116,46,13
7980087011,6479.00,2945,44,12,4
884534574,6453.80,2645,43,17,5
7458349978,6420.00,6000,4,1,0
1895515840,6308.32,1424,114,33,13
7029750065,6266.40,2238,47,21,7
7096448920,6204.90,2405,63,25,2
7080046419,6172.20,4860,9,6,0
5822609636,6160.00,2000,68,40,2
6899679075,6154.50,3730,31,8,1
979798470,6036.44,2636,32,19,4
1065914192,6012.00,5010,5,5,0
321465702,6001.87,3353,12,9,4
1168478396,5872.00,800,242,84,14
902687393,5822.12,2467,51,15,4
7089218658,5801.10,3170,29,8,3
916146377,5787.68,2372,55,23,2
7938466079,5739.84,1993,93,25,2
1704685723,5687.60,4820,6,4,0
730151615,5660.00,2000,30,21,9
7456579638,5647.20,1040,154,53,13
1501513920,5629.93,2243,43,16,6
7752262814,5616.88,2302,43,17,5
537629672,5585.43,2337,61,16,3
331206079,5539.17,2029,51,24,5
1411015285,5477.56,2321,40,22,3
726889439,5476.29,1977,68,23,4
5004255600,5460.00,3000,34,16,0
475222235,5393.52,2497,46,10,4
5205400470,5367.60,2840,34,15,1
5266794647,5360.00,1000,194,54,8
577947419,5356.02,3026,25,14,1
7085431693,5346.56,4177,12,2,1
7205020152,5332.00,2666,51,13,1
5302704331,5320.00,2000,28,26,6
2133121268,5280.00,4000,10,4,1
471866639,5259.60,1948,53,29,3
1922668099,5248.88,2884,26,12,2
371695527,5218.92,3924,17,2,1
129631849,5201.92,2032,44,14,7
356210825,5173.14,2373,38,20,2
1790603191,5102.12,2228,47,14,4
5376311900,5061.45,2469,60,15,0
7346126634,5042.73,2183,54,19,2
7996431060,5040.00,2000,35,19,6
1857394009,5000.00,4000,10,5,0
233627833,4956.77,2933,25,8,2
337286218,4906.76,2036,41,20,4
549532267,4864.00,1600,65,23,7
8467308492,4858.50,3950,11,4,0
5290545108,4847.67,2649,33,10,2
212313260,4846.92,1014,135,51,9
6523069775,4793.92,2272,41,10,4
7435002146,4783.30,1543,89,27,4
491668427,4742.44,2237,45,19,1
1006693509,4720.05,1851,49,22,4
7074683363,4720.00,4000,6,4,0
1286696462,4716.00,2358,47,11,2
872090162,4619.68,2221,39,13,3
1576117406,4535.82,2007,64,14,2
7811071714,4492.80,1040,121,47,7
645735067,4480.00,4000,9,1,0
7181157731,4446.44,2498,28,10,2
224573,4410.00,2450,19,7,4
1098814590,4401.00,2445,31,13,1
1024238422,4380.00,2000,37,14,4
5241729636,4340.00,2000,42,15,3
6117382529,4320.00,2000,35,17,3
2042089820,4294.20,2105,41,11,3
2139077754,4287.80,1949,48,14,3
394639919,4273.58,1997,59,15,1
7424416250,4236.71,2129,36,11,3
949392503,4207.50,2750,18,5,2
1022055102,4179.84,3732,9,1,0
1131360616,4163.08,2092,36,11,3
7977707515,4158.44,2908,12,7,1
526923301,4120.80,2424,40,10,0
673416317,4094.04,1308,84,33,3
6042022356,4062.60,1098,84,32,9
1293434056,4053.56,1868,42,15,3
2098722114,3997.50,1950,41,18,1
904958707,3982.68,1794,43,13,4
439528836,3944.50,1610,43,24,3
1472759993,3862.30,2971,11,3,1
8098689662,3857.84,1162,96,22,7
1307951914,3844.62,1643,52,14,4
5200019675,3795.75,1575,45,22,3
7207578406,3753.75,1925,23,14,3
7668625047,3696.64,2432,15,9,1
6539980625,3669.12,2548,19,5,1
8099515883,3668.25,1825,43,16,1
1944135500,3651.12,2766,10,4,1
6993269399,3615.30,1170,78,27,5
602167609,3607.50,1950,36,13,1
5866704423,3580.20,2340,22,7,1
6944491244,3575.25,1575,48,13,4
7261384966,3522.96,1512,45,16,4
2060733077,3500.00,2000,14,7,4
297235230,3494.68,1783,34,14,2
8018685039,3489.76,2566,8,6,1
807575533,3444.43,1991,27,12,1
6819078536,3436.02,2121,21,7,2
1759527732,3423.09,2829,12,3,0
1710565673,3420.00,2000,16,5,4
364213041,3412.80,1440,47,20,3
5517050721,3398.40,960,69,25,11
6763188210,3392.00,1060,76,28,6
64621219,3381.18,1551,38,20,2
6647260460,3379.20,1320,60,22,3
5257724040,3363.32,1789,42,12,1
966454304,3352.25,1325,54,23,3
1518593400,3348.66,1666,43,16,1
5161277627,3336.00,2400,10,3,2
5257285489,3326.40,1056,63,24,8
6444334674,3283.20,1710,55,9,1
682288684,3280.90,3010,3,2,0
6341860100,3193.00,1550,40,12,3
128499776,3159.80,1220,50,13,7
5355661370,3135.46,1486,53,16,1
6984296812,3132.60,1380,44,11,5
1499861814,3121.70,530,148,47,20
1735753265,3115.20,440,236,74,15
178356897,3114.00,2076,35,5,0
960998118,3050.00,1000,69,32,4
7430705587,3050.00,1000,72,21,7
2034089404,3028.86,1422,44,13,3
580289719,3010.41,1209,41,26,3
546206198,3010.00,1000,78,21,6
223107281,3006.00,900,84,30,6
5809900478,3000.00,1000,75,25,5
7119845076,2977.80,1418,42,16,2
1456315581,2963.26,1294,47,14,4
8062747063,2960.00,1000,73,21,6
1754966012,2940.00,2000,6,7,2
6756230231,2938.80,1860,27,7,1
1936003537,2926.00,1100,46,10,9
633851641,2920.00,2000,14,4,2
1778408681,2915.64,1602,26,12,2
5552324137,2907.00,1710,21,13,1
986921932,2899.54,2086,14,5,1
5114560326,2885.76,2004,15,3,2
1850824557,2854.40,2230,12,2,1
437953148,2820.80,1640,35,9,1
1966035531,2800.16,1591,52,8,0
1158417231,2796.84,1371,37,9,4
497810505,2793.76,1838,7,5,3
874446801,2780.00,2000,14,5,1
441978206,2775.74,2294,12,3,0
5160627638,2767.19,1657,26,7,2
5334965230,2758.46,1289,55,13,2
7793167398,2755.00,950,54,32,4
1339542231,2750.00,2200,6,3,1
7137956131,2708.40,2440,2,3,0
5914443373,2702.56,1778,11,7,2
5534601935,2695.00,1540,37,6,2
1302240955,2685.76,1232,53,15,2
7941659185,2660.00,1000,81,15,4
130629565,2659.98,1031,47,17,6
711934334,2653.60,1240,24,10,6
8286766659,2646.00,1080,42,11,7
1131326909,2635.57,1637,33,6,1
7101192740,2631.60,1020,39,13,8
1657471463,2584.80,1795,19,5,1
7228806655,2575.80,1620,19,10,1
1004656878,2570.70,1230,27,14,4
6829103544,2550.24,1104,50,17,3
6844594341,2520.00,2000,17,3,0
827319341,2491.20,720,85,27,8
7019790265,2464.40,1220,42,10,3
6397612569,2431.62,1501,21,7,2
2010186841,2430.40,1120,46,17,2
5559099537,2430.00,1620,12,6,2
6415784610,2430.00,1500,21,7,2
5238912701,2424.90,1770,15,4,1
1051550488,2420.00,2000,8,1,1
7025161930,2385.20,1340,17,17,1
718304565,2366.56,2113,9,1,0
852657716,2357.64,1062,43,13,4
712968865,2334.72,2048,8,2,0
724269928,2328.00,970,57,21,2
535690536,2320.00,2000,7,3,0
1865350924,2320.00,2000,7,3,0
1259709604,2320.00,2000,3,1,1
382333319,2312.64,1752,14,6,0
149497009,2300.40,1620,16,2,2
7916218536,2279.97,1551,6,7,2
5362352779,2276.50,1450,12,5,3
6771998130,2257.89,1031,45,18,2
8406584748,2250.00,1000,49,12,4
495357066,2239.64,1534,14,4,2
607409393,2224.04,1316,29,10,1
556925447,2214.00,900,38,16,6
6919268234,2201.90,1135,27,9,4
5725185173,2194.40,1040,45,12,3
1216939079,2193.96,1556,9,4,2
727844376,2193.90,1030,29,18,3
720239479,2190.64,1576,14,5,1
1135019895,2184.00,1300,14,8,3
511943013,2171.68,784,49,26,5
5108177437,2167.20,688,79,32,4
1193995688,2164.32,1336,25,9,1
8565788031,2154.00,1436,20,10,0
2013549049,2149.72,892,56,15,4
1459812830,2140.00,2000,4,1,0
5186845785,2140.00,2000,4,1,0
6679499496,2140.00,1000,40,18,2
552573862,2135.54,1142,27,10,3
526618639,2129.40,910,44,10,6
7364519456,2112.48,648,69,29,7
6347750114,2109.60,720,63,20,7
5271695260,2099.90,830,38,15,7
7891521464,2090.00,1000,27,14,4
672401465,2088.84,1236,25,8,2
1834953983,2085.46,1234,25,8,2
6550633677,2080.00,800,54,22,4
406702884,2070.00,1000,24,11,5
8496909512,2070.00,1000,55,14,1
769265705,2064.00,1290,26,8,1
34663305,2058.00,1960,5,0,0
933089790,2041.60,1760,7,3,0
437229378,2032.80,1540,10,4,1
6924866314,2030.00,1000,49,8,3
1963007479,2019.60,1530,10,4,1
1752936447,2014.80,1380,18,6,1
438312421,2009.84,776,55,28,2
877745350,2009.60,1280,12,5,3
5458875996,2000.00,2000,0,0,0
1211189603,1975.40,1190,23,11,1
176336988,1971.81,981,43,16,1
482408283,1969.24,1082,30,14,1
6525792832,1939.80,732,51,18,6
1451877793,1921.50,915,46,18,1
5920178668,1915.90,1610,13,2,0
7725657238,1900.00,1000,37,11,2
280163319,1881.90,1230,22,7,1
1845968090,1880.00,1000,23,15,2
5810852645,1872.06,1522,11,4,0
7364114584,1870.00,1000,27,10,3
7262571270,1868.79,809,50,17,3
2040031131,1860.48,1224,34,6,0
6071606655,1850.00,1000,28,9,3
1271099926,1840.16,868,37,15,3
281690662,1840.00,1000,44,10,1
1026511362,1837.17,1341,15,4,1
5343019184,1832.00,400,111,49,10
77008792,1831.80,860,44,13,3
615258406,1821.60,1320,11,9,0
1894790286,1807.00,1300,10,3,2
5154682381,1800.00,1000,27,11,2
7142379616,1797.51,1257,8,5,2
2025552315,1795.20,880,45,13,2
866110424,1780.20,860,51,12,2
6146553281,1776.94,902,37,10,3
1304776581,1776.60,1260,13,6,1
7147616538,1772.81,1049,21,6,3
6232046372,1770.00,1180,16,8,1
472960047,1770.00,1000,21,12,2
6830860979,1770.00,1000,36,7,2
158322542,1754.20,716,58,19,3
7559999013,1744.70,1195,10,2,3
859627010,1740.00,870,28,14,3
8162195988,1739.71,857,38,15,2
6458650784,1738.40,820,41,17,2
320444349,1735.68,768,45,17,3
1034886852,1727.53,851,30,11,4
5161817345,1725.56,964,12,9,4
7778191239,1723.12,724,58,20,2
332645879,1716.48,894,36,12,2
460137417,1709.50,1315,11,3,1
232422900,1672.50,750,39,18,3
965250630,1670.40,1160,19,5,1
402923680,1668.48,1056,27,7,1
1217496992,1662.43,1397,13,2,0
5194555928,1653.00,950,15,13,2
7019396714,1646.49,773,21,14,5
2049026015,1645.73,827,44,15,1
1574848617,1645.00,875,38,10,2
5416905200,1632.00,1632,0,0,0
2044254098,1611.20,1060,15,9,1
5141696816,1609.30,1210,17,2,1
6021094369,1594.44,927,35,9,1
5659266170,1590.00,1590,0,0,0
1938316822,1590.00,1000,34,5,1
6163080501,1585.70,1010,12,5,3
1530460668,1584.00,1200,14,6,0
7717334549,1580.00,1000,23,5,2
834983696,1570.00,1000,20,9,1
7245873568,1562.10,1230,5,4,1
6421898035,1551.00,940,16,13,1
427389334,1538.69,1019,19,4,2
602728606,1530.00,1000,22,7,1
427564050,1520.00,1000,7,5,3
7502127380,1519.60,1048,11,8,1
7638900728,1503.80,1030,14,4,2
478643727,1496.00,800,31,12,2
116954799,1493.28,1098,8,6,1
6365930172,1491.50,950,16,7,2
1206452613,1490.40,690,39,19,2
6961119457,1478.40,840,21,5,4
6620585972,1468.80,544,37,21,7
8649679398,1459.60,890,20,8,2
958084981,1458.00,810,27,11,2
69226730,1457.28,1104,6,2,2
7281315635,1445.60,1112,11,3,1
880390680,1437.80,910,16,14,0
768253122,1421.20,680,54,15,1
5231769125,1419.12,876,21,7,2
299460548,1415.70,858,23,4,3
1900523761,1410.00,1000,13,6,1
8348237758,1410.00,1000,13,6,1
7237911265,1409.10,770,29,8,3
989734973,1404.90,630,39,18,3
6893279905,1402.20,1140,7,2,1
515007074,1390.00,1000,18,7,0
1729444291,1376.00,400,75,33,7
481317775,1373.40,1260,3,2,0
7185761004,1370.00,1000,15,4,1
5296644647,1368.80,1180,7,3,0
1333647314,1350.00,1000,16,3,1
614733799,1344.96,934,15,3,2
1239473473,1341.60,780,39,11,0
1155839884,1340.00,1000,9,5,1
1355474189,1333.80,540,42,25,3
939085741,1330.00,1000,17,2,1
6557809944,1330.00,1000,21,4,0
1508801386,1322.09,1111,13,2,0
6954229129,1320.00,1000,6,2,2
1476018418,1310.00,1000,3,6,1
477708500,1309.44,744,21,5,4
318553153,1305.03,1061,11,4,0
1889679858,1303.80,530,42,18,5
1821885809,1300.00,1000,7,1,2
1335242948,1300.00,1000,11,3,1
1619819735,1291.20,1076,5,5,0
153154885,1287.60,1110,7,3,0
1885058335,1286.20,590,34,18,3
5073202921,1284.80,880,14,4,2
1665753665,1284.12,1044,7,2,1
6788261845,1284.01,1079,13,2,0
6822782495,1280.00,1000,12,2,1
1317469561,1280.00,1000,12,2,1
723387525,1278.80,920,10,3,2
5494449181,1272.00,400,85,31,4
7196903757,1270.00,1000,9,6,0
6877389384,1268.40,840,19,4,2
245815610,1259.03,919,19,6,0
597659650,1252.80,870,15,3,2
5284485203,1250.00,1000,6,3,1
6172473303,1250.00,1000,10,5,0
7757687668,1250.00,1000,6,3,1
6841587869,1240.00,800,13,4,3
7719281612,1235.10,690,16,11,3
5288388835,1233.60,480,48,23,4
6442001764,1232.46,1002,7,2,1
214594811,1230.00,1000,7,2,1
1794996088,1230.00,1000,11,4,0
6868093099,1230.00,1000,11,4,0
7013051683,1230.00,1000,7,2,1
1490471802,1227.40,646,22,16,2
531532916,1225.08,996,7,2,1
1184166066,1219.30,890,19,6,0
1231958026,1198.92,582,48,16,1
940472125,1195.40,860,18,7,0
1379991821,1194.16,1012,2,2,1
296358842,1190.40,992,5,5,0
2068153076,1190.00,1000,13,2,0
5991289887,1181.50,850,14,5,1
1656329510,1178.60,710,15,7,3
5247087710,1174.86,1098,4,1,0
7601094473,1168.40,920,9,6,0
1986365919,1162.00,700,11,5,4
7062746874,1160.00,1000,7,3,0
244094264,1160.00,1000,7,3,0
876318330,1160.00,1000,7,3,0
522110010,1157.59,719,14,9,2
28711385,1151.80,886,7,1,2
391174244,1150.80,840,11,2,2
6440645685,1140.00,1000,8,2,0
7760716586,1140.00,1000,8,2,0
729818889,1135.44,684,15,7,3
7871535546,1135.20,880,4,5,1
1202965741,1122.00,850,6,2,2
5448908686,1121.00,950,6,4,0
6367991137,1120.00,1000,9,1,0
6936463681,1120.00,1000,9,1,0
5267637614,1120.00,1000,9,1,0
922915288,1110.00,1000,2,3,0
48116910,1110.00,1000,2,3,0
1733098990,1104.00,800,11,9,0
928971254,1103.60,620,20,6,4
1842280802,1102.20,1002,10,0,0
6436304786,1102.00,760,15,10,0
5081780723,1101.60,720,22,7,1
7060058265,1100.00,1000,10,0,0
729886601,1100.00,1000,10,0,0
332673452,1095.68,1024,4,1,0
1769120043,1090.60,820,17,2,1
5042200125,1080.72,948,8,2,0
572980501,1078.70,670,18,11,1
1928662268,1070.74,682,24,11,0
6662200954,1070.00,1000,4,1,0
7167889492,1070.00,1000,4,1,0
732095900,1070.00,1000,4,1,0
5348590922,1070.00,1000,4,1,0
1066303721,1066.00,820,11,3,1
445469103,1066.00,820,15,5,0
5793349232,1065.60,720,17,7,1
1658233446,1058.68,532,36,11,3
729903219,1050.00,1000,5,0,0
521011945,1050.00,1000,5,0,0
923839108,1050.00,1000,5,0,0
372055503,1045.80,830,17,3,0
1796129554,1015.92,612,23,11,1
826381322,1015.20,720,9,4,2
1237394041,1013.80,740,11,2,2
6413681551,1009.40,140,200,77,19
1627780767,1003.20,880,8,2,0
5144174443,1001.10,710,13,6,1
652772033,1000.00,1000,0,0,0
979296264,1000.00,1000,0,0,0
488658414,1000.00,1000,0,0,0
6386881078,1000.00,1000,0,0,0
7594873415,1000.00,1000,0,0,0
7696920770,1000.00,1000,0,0,0
2123078719,999.60,490,49,15,1
856064774,987.00,700,13,6,1
156956643,986.00,680,26,3,1
1860355272,976.80,740,10,4,1
317025357,976.80,660,21,9,0
8334955659,974.07,711,15,4,1
1891262279,958.80,680,13,6,1
7238515227,951.20,820,7,3,0
1955644198,950.40,720,14,6,0
393455583,948.30,870,3,2,0
595108249,948.00,600,23,5,2
5010481129,946.20,830,8,2,0
6822393919,945.00,750,13,1,1
6663410269,932.62,442,26,15,4
6035849319,931.70,770,8,1,1
1286959765,922.00,922,0,0,0
298173550,912.60,270,67,37,6
6746765240,910.27,401,33,18,4
6979181186,902.70,590,22,7,1
456894336,900.60,790,8,2,0
143518413,897.60,680,10,4,1
1015201929,897.60,660,8,6,1
6116858544,897.44,568,12,12,1
5072648752,895.70,530,25,8,2
5141492965,887.26,814,3,2,0
6806802080,880.00,500,29,9,2
1916740580,879.48,252,87,24,9
6247944177,875.80,580,23,6,1
823924777,872.00,400,38,20,2
902516307,869.50,370,44,17,4
1387265860,862.40,490,33,11,1
1848094858,861.00,300,86,27,2
5636837862,859.10,710,12,3,0
178856204,856.80,816,5,0,0
1470827763,852.00,426,47,11,2
1872894170,846.40,460,44,10,1
1021660761,843.20,680,18,2,0
7014841940,837.50,670,6,3,1
1147995037,837.00,540,21,8,1
784360431,836.40,680,7,2,1
624283160,835.20,720,7,3,0
694174738,834.60,780,4,1,0
1778735152,832.76,436,17,8,5
7159358310,832.20,730,8,2,0
1349470704,820.00,820,0,0,0
386067292,816.40,520,20,9,1
7619599477,813.67,569,12,7,1
6045664722,810.16,494,12,4,4
5508410864,806.40,560,19,5,1
1224799458,806.20,695,7,3,0
2119372533,806.00,620,15,5,0
5649563336,804.19,587,19,6,0
6104686325,804.19,587,19,6,0
1315712108,798.60,660,12,3,0
40490137,796.00,400,44,15,1
5266302197,792.34,346,36,21,3
6209876296,790.60,590,9,5,1
318082916,790.60,590,5,3,2
2116547070,786.50,650,12,3,0
563288711,785.48,538,18,6,1
486317924,780.30,510,22,7,1
1337008969,779.38,586,21,4,0
1161388861,774.40,640,12,3,0
874508430,772.80,690,9,1,0
334239946,756.58,362,46,11,3
6592663272,753.50,550,15,4,1
391242014,751.50,450,22,5,3
980020977,750.40,560,9,5,1
1514139637,750.20,620,8,1,1
7540870513,750.00,750,0,0,0
5309465413,750.00,500,20,10,0
1894781941,743.40,630,6,4,0
1146403742,742.40,640,7,3,0
6253059923,738.30,690,4,1,0
687025346,726.10,530,19,6,0
5229855300,725.70,590,7,2,1
5644916882,722.92,583,18,2,0
6340120885,722.80,520,14,5,1
451889255,719.40,660,3,2,0
758828127,717.00,717,0,0,0
1703453172,712.80,540,6,2,2
6982505816,712.50,570,6,3,1
578206371,710.64,252,65,19,6
241859281,709.70,470,23,6,1
1074076468,705.60,630,9,1,0
1002644284,704.00,704,0,0,0
305967061,703.80,460,18,5,2
1858977967,701.80,580,12,3,0
453143711,699.60,530,10,4,1
398510375,695.50,650,4,1,0
973994910,695.00,500,14,5,1
7451770331,687.50,550,10,5,0
822174593,686.40,480,12,7,1
1436073,678.60,522,7,1,2
947415503,669.70,370,15,12,3
579886662,669.12,492,8,6,1
5852775795,666.66,542,7,2,1
6866700447,665.60,320,47,17,1
298838197,649.80,570,8,2,0
5705887673,648.00,450,15,3,2
1152382461,648.00,400,25,9,1
7784156077,644.00,400,10,7,3
5332214262,638.00,580,10,0,0
292627205,635.00,500,9,6,0
8274919797,629.80,470,5,3,2
6314082645,629.20,520,12,3,0
8270561729,627.30,510,11,4,0
404522139,627.20,560,9,1,0
1545247518,625.40,530,6,4,0
6515925252,622.20,244,41,18,6
1046245759,621.40,478,15,5,0
2016234531,616.74,541,8,2,0
8119480887,604.90,230,44,13,8
420748830,600.00,600,0,0,0
814423855,596.55,485,7,2,1
5778374892,595.32,484,7,2,1
5540970666,592.00,400,13,5,2
7541542306,590.20,260,48,13,4
816930473,590.00,590,0,0,0
7317884253,590.00,590,0,0,0
104831225,589.50,450,7,8,0
5739306966,584.20,460,5,4,1
996061475,581.40,510,8,2,0
1903148702,571.20,340,10,6,4
517475020,567.12,408,14,5,1
5322807503,566.40,480,6,4,0
6911263949,558.00,300,32,18,0
1786685555,556.00,400,14,5,1
7257559969,552.12,516,4,1,0
756142591,550.00,550,0,0,0
451944768,547.20,480,4,0,1
7224456321,547.20,380,19,5,1
1053536750,543.56,508,4,1,0
1606247586,539.60,380,20,4,1
748841344,538.08,472,8,2,0
7186299343,537.28,184,52,20,8
5107657090,535.80,380,13,6,1
941967287,535.00,500,4,1,0
1914941388,534.24,424,13,1,1
7336443683,534.10,490,3,2,0
8043418830,531.57,377,9,4,2
733708891,524.80,320,16,6,3
918662636,524.40,460,8,2,0
898009702,524.00,400,22,3,0
7487977835,522.00,360,26,3,1
1060795389,521.70,370,17,8,0
6239057452,520.30,430,8,1,1
976657020,520.00,400,15,5,0
815875708,519.06,422,7,2,1
5902896380,518.40,360,23,7,0
7276409965,510.40,440,3,1,1
7408595150,506.88,198,37,23,5
1963666173,504.30,410,7,2,1
5132391275,502.90,470,4,1,0
406994203,500.50,350,12,7,1
7353432070,498.80,430,7,3,0
1930411798,495.60,420,6,4,0
5855915972,485.90,430,1,4,0
5112903034,480.60,267,23,9,3
1502049197,478.80,380,17,3,0
7998533467,464.72,296,35,4,1
2125008932,462.00,300,10,8,2
1964594749,456.95,247,24,7,4
682108308,453.60,270,14,8,3
5075769994,451.50,430,5,0,0
333609548,451.50,210,43,14,3
329097077,449.40,420,4,1,0
1008452020,444.80,320,14,5,1
7533671299,442.40,280,23,5,2
843356307,438.00,300,14,4,2
736180658,436.00,400,3,2,0
7366916905,430.76,356,8,1,1
7458428829,428.80,320,9,5,1
523432114,426.88,368,7,3,0
1646282058,426.00,300,16,2,2
2107391422,425.60,380,9,1,0
1867400418,422.45,355,9,0,1
7470905533,420.00,420,0,0,0
97010351,419.10,330,5,4,1
917675434,416.48,304,19,6,0
378563112,414.72,288,23,7,0
418743908,408.80,292,10,10,0
6874939979,408.36,332,7,2,1
6764390026,403.30,370,3,2,0
291359461,403.00,310,7,1,2
830555604,390.60,310,13,1,1
1957740015,389.40,330,6,4,0
507403238,389.40,236,31,8,1
6282020409,388.50,350,2,3,0
1406739195,387.60,340,8,2,0
5194537582,387.00,300,4,5,1
5377793873,382.80,330,7,3,0
6653404888,382.20,364,5,0,0
6852613746,375.84,144,53,16,6
7010083821,369.00,300,11,4,0
5292843958,365.80,310,6,4,0
7840929061,364.00,280,11,3,1
1992216542,363.40,230,27,7,1
5771983810,358.40,320,9,1,0
391829970,356.70,290,7,2,1
6436164076,350.00,350,0,0,0
5549956175,344.40,280,7,2,1
5292449789,343.20,260,10,4,1
318401353,340.36,254,5,3,2
703215390,340.00,340,0,0,0
6114455766,336.40,290,3,1,1
5141190674,336.40,290,7,3,0
6766288412,332.00,332,0,0,0
124592164,331.20,230,19,5,1
915245546,326.70,270,8,1,1
649715924,320.00,320,0,0,0
1017527486,319.70,230,14,5,1
85888375,319.70,230,10,3,2
360930171,316.40,280,1,4,0
826937972,312.50,250,10,5,0
108429409,311.78,238,7,8,0
1908529122,307.80,270,4,0,1
96296,303.60,230,14,6,0
1829925343,302.60,170,28,10,2
56520272,302.50,250,8,1,1
7325690770,297.00,270,10,0,0
439302641,295.00,250,6,4,0
7383000112,292.60,140,46,11,3
813046129,291.20,260,9,1,0
506381737,290.40,220,10,4,1
6293094720,290.40,220,14,6,0
341704142,286.00,200,12,7,1
5755859909,283.50,210,20,5,0
599764090,277.20,220,17,3,0
1050576841,273.60,160,24,9,2
1544581622,271.70,130,35,18,2
377163189,271.40,230,6,4,0
1146723033,270.60,220,7,2,1
1244766806,260.00,200,11,3,1
513175457,253.80,180,9,4,2
745577946,252.00,240,5,0,0
5332411561,244.16,224,3,2,0
1331714839,243.60,210,7,3,0
1414483291,243.00,180,16,3,1
7107588325,241.20,180,5,3,2
1370792414,240.72,204,6,4,0
5288558141,238.56,71,68,36,6
272484871,234.00,180,15,5,0
1379135399,232.00,200,3,1,1
5395156706,232.00,160,11,8,1
953239316,228.90,210,3,2,0
1067277841,223.50,150,9,10,1
54371903,222.70,170,7,8,0
7443980585,222.40,160,14,5,1
536519457,220.40,190,7,3,0
1064085448,220.00,220,0,0,0
6857518683,219.70,130,17,4,4
1459989936,216.60,190,8,2,0
486231704,210.00,210,0,0,0
1486678685,208.00,160,7,1,2
1769780803,207.10,190,3,2,0
1836025634,196.80,160,7,2,1
729260860,196.80,120,16,6,3
131405280,192.00,120,26,8,1
1222731791,188.50,130,26,3,1
1717227927,187.00,110,32,6,2
1714170609,175.68,122,15,3,2
1091845990,174.00,150,7,3,0
6806333452,171.20,160,4,1,0
1335328415,170.30,130,18,1,1
7710549814,160.80,120,13,7,0
5211213655,159.90,130,11,4,0
100414189,156.40,68,50,10,5
1111461278,155.10,110,13,6,1
5512689999,150.48,132,8,2,0
7534993371,150.00,150,0,0,0
485385607,150.00,120,6,3,1
876750120,147.40,110,9,5,1
537213486,145.52,68,40,18,2
1074249391,139.20,120,3,1,1
2057396255,139.10,130,4,1,0
5980832736,137.40,60,36,21,3
7763460482,135.72,116,14,1,0
1809226743,134.40,60,38,12,5
6019879929,130.00,130,0,0,0
1127590764,128.40,120,4,1,0
1055138036,126.00,120,5,0,0
5041692030,123.00,100,11,4,0
5374130464,119.00,100,13,2,0
5675148503,118.00,100,6,4,0
5247102639,110.00,110,0,0,0
5033598645,106.20,90,2,2,1
6267307482,100.80,90,9,1,0
1791742939,91.20,80,8,2,0
7452120390,89.54,74,8,1,1
7638262762,87.20,80,3,2,0
392798882,73.00,50,18,6,1
1944371129,72.60,60,8,1,1
693923157,70.00,70,0,0,0
5012345080,68.40,60,4,0,1
5871101194,65.00,50,11,3,1
600559735,64.40,40,14,9,2
6957449191,64.20,60,4,1,0
721115567,55.00,50,10,0,0
685595201,50.00,50,0,0,0
1085512650,50.00,40,10,5,0
7767238510,47.40,30,23,5,2
1018296864,42.80,40,4,1,0
1551993876,42.00,40,5,0,0
7147168351,40.00,40,0,0,0
7124711196,32.70,30,3,2,0
1370198336,32.70,30,3,2,0
7039478002,15.34,13,6,4,0
7383499045,10.00,10,0,0,0
205665509,0.00,0,9,5,1
5019516605,0.00,0,21,8,1
7448282581,0.00,0,9,8,3
6747259865,0.00,0,0,0,0
7467972736,0.00,0,19,19,2
6889449100,0.00,0,0,0,0
354732092,0.00,0,38,14,3
1370272021,0.00,0,6,4,0
476283381,0.00,0,22,11,2
6774011393,0.00,0,7,6,2
1995204295,0.00,0,46,12,2
6149077801,0.00,0,7,3,0
6995199772,0.00,0,10,2,3
563029090,0.00,0,15,8,2
5264963423,0.00,0,8,0,2
6942047377,0.00,0,4,1,0
648269182,0.00,0,21,3,1
617426300,0.00,0,23,11,1
448231327,0.00,0,16,12,2
6045724002,0.00,0,3,2,0
8108094885,0.00,0,5,0,0
5152187988,0.00,0,15,4,1
356242931,0.00,0,5,0,0
746228154,0.00,0,2,2,1
1418839514,0.00,0,11,4,0
1057946482,0.00,0,16,2,2
7144149358,0.00,0,24,13,3
1773895631,0.00,0,9,1,0
6081762407,0.00,0,28,12,0
7249536466,0.00,0,4,1,0
7682760613,0.00,0,6,1,3
1664669860,0.00,0,0,0,0
1134515352,0.00,0,10,4,1
652904904,0.00,0,4,1,0
6291339742,0.00,0,7,3,0
7100932702,0.00,0,6,3,1
8524506143,0.00,0,11,4,0
797664805,0.00,0,10,4,1
7641715984,0.00,0,10,5,0
1820660233,0.00,0,6,2,2
7455242788,0.00,0,176,80,14
7927287610,0.00,0,10,3,2
1043592651,0.00,0,10,10,0
6386691071,0.00,0,4,1,0
6828713344,0.00,0,10,0,0
5324101221,0.00,0,100,51,9
704272935,0.00,0,10,4,1
7763194818,0.00,0,12,3,0
6942764048,0.00,0,45,12,8
8062492454,0.00,0,49,12,4
470666397,0.00,0,4,1,0
1803030752,0.00,0,7,3,0
7693376660,0.00,0,5,5,0
5095438737,0.00,0,5,5,0
5996583044,0.00,0,15,5,0
1881678872,0.00,0,10,5,0
6287262343,0.00,0,5,0,0
972879710,0.00,0,9,0,1
6407555829,0.00,0,7,2,1
1246363272,0.00,0,44,14,2
7571509630,0.00,0,34,11,5
5367562408,0.00,0,4,0,1
7494003158,0.00,0,10,5,0
7201691287,0.00,0,61,33,6
6739731217,0.00,0,12,3,0
342355554,0.00,0,36,9,0
5554666134,0.00,0,0,0,0
7219049313,0.00,0,8,7,0
5388513332,0.00,0,12,2,1
510821661,0.00,0,8,0,2
7993982402,0.00,0,29,11,0
7144356261,0.00,0,3,2,0
6023153735,0.00,0,0,0,0
5051992052,0.00,0,0,0,0
6011037884,0.00,0,6,3,1
6688667304,0.00,0,12,3,0
1201853658,0.00,0,14,15,1
6383853330,0.00,0,36,26,3
7910013834,0.00,0,0,0,0
1654563288,0.00,0,13,12,0
1026223523,0.00,0,148,60,12
5306116141,0.00,0,25,9,1
200651248,0.00,0,11,9,0
6344322656,0.00,0,7,3,0
1649449663,0.00,0,3,1,1
1849356407,0.00,0,6,4,0
7487470511,0.00,0,9,1,0
6338988220,0.00,0,0,0,0
1615654171,0.00,0,0,0,0
5220224834,0.00,0,12,3,0
1321954094,0.00,0,4,1,0
6946829475,0.00,0,128,38,14
6181916840,0.00,0,0,0,0
7308892270,0.00,0,46,12,2
1447753463,0.00,0,56,20,4
1518927033,0.00,0,3,1,1
2142832545,0.00,0,50,23,2
1454976271,0.00,0,0,0,0
7467559052,0.00,0,70,27,3
7291861935,0.00,0,37,16,2
7376332357,0.00,0,7,1,2
114798182,0.00,0,7,8,0
1867091492,0.00,0,0,0,0
1379522786,0.00,0,11,4,0
1841164590,0.00,0,9,4,2
5892106583,0.00,0,20,7,3
537779288,0.00,0,7,3,0
6539285521,0.00,0,70,33,2
1715428733,0.00,0,0,0,0
5062335520,0.00,0,41,7,7
664425493,0.00,0,0,0,0
6116664663,0.00,0,17,6,2
6833078755,0.00,0,4,0,1
2100506881,0.00,0,32,12,1
1430085856,0.00,0,0,0,0
6202441591,0.00,0,7,3,0
1078601325,0.00,0,7,2,1
5329164753,0.00,0,6,2,2
7697460557,0.00,0,10,4,1
1827281333,0.00,0,5,5,0
5214798293,0.00,0,3,2,0
1002612407,0.00,0,3,2,0
5976610592,0.00,0,7,3,0
2054682340,0.00,0,8,5,2
257461600,0.00,0,0,0,0
7455152476,0.00,0,26,29,5
411879217,0.00,0,7,6,2
1238116287,0.00,0,34,9,2
308120399,0.00,0,48,19,3
817305567,0.00,0,4,0,1
5650579394,0.00,0,3,2,0
542849945,0.00,0,69,29,12
5646695974,0.00,0,0,0,0
820573585,0.00,0,8,2,0
7340992605,0.00,0,78,28,4
964693826,0.00,0,43,20,2
7235024078,0.00,0,0,0,0
7817153138,0.00,0,12,5,3
7839257303,0.00,0,0,0,0
5018431919,0.00,0,3,2,0
6604006509,0.00,0,4,1,0
6876055138,0.00,0,22,6,2
6377411137,0.00,0,10,5,0
6030600898,0.00,0,8,1,1
1721941977,0.00,0,7,3,0
435666512,0.00,0,50,14,1
7198515749,0.00,0,4,1,0
1005195827,0.00,0,0,0,0
7019547351,0.00,0,4,1,0
517065339,0.00,0,105,55,15
994336086,0.00,0,12,7,1
414759694,0.00,0,55,17,3
7400935629,0.00,0,9,1,0
999615889,0.00,0,98,36,6
5398310851,0.00,0,5,4,1
1682937883,0.00,0,7,1,2
5132870972,0.00,0,0,0,0
792924150,0.00,0,6,4,0
1425455731,0.00,0,6,4,0
6641754664,0.00,0,3,2,0
371402839,0.00,0,5,5,0
623915754,0.00,0,33,4,3
6453587748,0.00,0,11,4,0
7635161822,0.00,0,4,1,0
2018768507,0.00,0,42,14,4
6666690688,0.00,0,6,3,1
5036632423,0.00,0,0,0,0
7394065702,0.00,0,20,5,0
1514987914,0.00,0,5,3,2
7815567842,0.00,0,18,2,0
1730567815,0.00,0,4,1,0
5106501384,0.00,0,3,2,0
5315938649,0.00,0,0,0,0
458914255,0.00,0,8,2,0
1646937228,0.00,0,5,5,0
5645117398,0.00,0,4,1,0
273198411,0.00,0,7,4,4
5901576624,0.00,0,20,5,0
7531584352,0.00,0,23,6,1
310687909,0.00,0,8,1,1
390468271,0.00,0,9,0,1
1626838106,0.00,0,18,2,0
906143281,0.00,0,15,4,1
1002925630,0.00,0,6,2,2
6115032906,0.00,0,7,2,1
842971750,0.00,0,0,0,0
7227880668,0.00,0,74,30,6
7335160886,0.00,0,4,1,0
534698483,0.00,0,6,4,0
350450110,0.00,0,9,3,3
7351858077,0.00,0,23,5,2
1983366905,0.00,0,15,5,0
422527704,0.00,0,7,2,1
7396023964,0.00,0,16,4,0
6721129328,0.00,0,41,11,3
5559681742,0.00,0,5,0,0
1532347924,0.00,0,4,1,0
1680421632,0.00,0,3,1,1
5811221448,0.00,0,4,1,0
7937379999,0.00,0,5,4,1
6923429437,0.00,0,8,2,0
723135942,0.00,0,25,7,3
5543007239,0.00,0,0,0,0
7461175108,0.00,0,0,0,0
1110492008,0.00,0,6,4,0
1931614137,0.00,0,7,2,1
808765796,0.00,0,260,98,17
424602237,0.00,0,12,1,2
7171925382,0.00,0,16,4,0
6653517127,0.00,0,17,7,1
5837200595,0.00,0,0,0,0
402388036,0.00,0,23,3,4
7224420801,0.00,0,20,11,4
7219388123,0.00,0,16,2,2
1568964447,0.00,0,11,4,0
7114482651,0.00,0,9,5,1
1119671151,0.00,0,46,16,3
5724470693,0.00,0,4,1,0
915611387,0.00,0,6,3,1
253325877,0.00,0,11,3,1
2065381225,0.00,0,12,3,0
6587780544,0.00,0,33,10,2
223164353,0.00,0,3,2,0
6386693299,0.00,0,22,6,2
5811851203,0.00,0,8,1,1
6359033119,0.00,0,15,3,2
445963156,0.00,0,12,2,1
643073293,0.00,0,12,3,0
8244290819,0.00,0,6,3,1
521279149,0.00,0,6,4,0
7182896849,0.00,0,13,6,1
1429627434,0.00,0,282,115,18
5786601600,0.00,0,14,6,0
5092276545,0.00,0,8,6,1
5473732852,0.00,0,7,2,1
6896518490,0.00,0,8,2,0
469435175,0.00,0,6,4,0
6286544122,0.00,0,4,0,1
623253552,0.00,0,10,4,1
6979254683,0.00,0,21,8,1
1614119553,0.00,0,2,3,0
7165601666,0.00,0,22,8,0
7278848649,0.00,0,21,12,2
1374016166,0.00,0,6,4,0
6428312504,0.00,0,4,1,0
7459060080,0.00,0,21,8,1
7917345762,0.00,0,18,4,3
7341149439,0.00,0,22,7,1
7218909289,0.00,0,22,3,0
7200361700,0.00,0,19,9,2
7513977531,0.00,0,24,4,2
7176372783,0.00,0,23,6,1
292675840,0.00,0,9,0,1
7698815147,0.00,0,12,3,0
7357698631,0.00,0,15,10,5
6993892052,0.00,0,20,5,0
5982491133,0.00,0,15,8,2
1531744940,0.00,0,8,2,0
7544991960,0.00,0,25,9,1
2089058981,0.00,0,8,1,1
7101940458,0.00,0,23,6,1
7037814261,0.00,0,22,5,3
7385320880,0.00,0,19,10,1
7434983904,0.00,0,13,8,4
7369544904,0.00,0,19,5,1
7287592052,0.00,0,19,11,0
6691997498,0.00,0,21,9,0
7142593607,0.00,0,23,6,1
6733179949,0.00,0,20,9,1
7311696480,0.00,0,23,6,1
1039978897,0.00,0,7,3,0
7503790501,0.00,0,23,7,0
7831327077,0.00,0,14,10,1
7556791041,0.00,0,15,9,1
7638036667,0.00,0,20,4,1
7224453075,0.00,0,21,8,1
7029145179,0.00,0,13,9,3
7203726203,0.00,0,20,10,0
2093828405,0.00,0,6,4,0
7801185660,0.00,0,17,13,0
7931767969,0.00,0,19,5,1
8384202277,0.00,0,3,2,0
6847320005,0.00,0,23,5,2
7260933158,0.00,0,20,4,1
7337963248,0.00,0,20,9,1
351696701,0.00,0,4,1,0
7067136146,0.00,0,24,5,1
7298004081,0.00,0,27,7,1
7185358531,0.00,0,14,9,2
7323463506,0.00,0,20,7,3
7109025198,0.00,0,18,6,1
6784402735,0.00,0,20,8,2
7299879079,0.00,0,27,3,0
7057021875,0.00,0,20,7,3
7281361291,0.00,0,19,7,4
7831103231,0.00,0,22,8,0
1208610963,0.00,0,7,2,1
7239549984,0.00,0,22,6,2
7465202517,0.00,0,21,5,4
961079575,0.00,0,5,0,0
426446160,0.00,0,21,3,1
1044259763,0.00,0,4,1,0
7426463754,0.00,0,23,7,0
7866910669,0.00,0,18,5,2
599904995,0.00,0,5,0,0
7042033591,0.00,0,22,6,2
360538231,0.00,0,19,4,2
7373544978,0.00,0,8,2,0
816383021,0.00,0,10,5,0
7098194658,0.00,0,22,3,0
7335808716,0.00,0,26,9,0
7022395811,0.00,0,20,6,4
7174143013,0.00,0,4,1,0
1702845889,0.00,0,3,2,0
737039900,0.00,0,7,3,0
7038633368,0.00,0,20,10,0
7080041589,0.00,0,23,6,1
181723925,0.00,0,10,5,0
1756390109,0.00,0,2,3,0
7370698448,0.00,0,20,10,0
7486706299,0.00,0,18,6,1
547936572,0.00,0,3,2,0
6780372177,0.00,0,22,8,0
7518143031,0.00,0,17,8,0
7437269613,0.00,0,22,8,0
1867547714,0.00,0,2,2,1
7076684553,0.00,0,18,9,3
7540020704,0.00,0,20,4,1
5018898716,0.00,0,5,3,2
7519980268,0.00,0,22,8,0
7262443394,0.00,0,24,6,0
7672451717,0.00,0,36,12,2
7307315190,0.00,0,22,3,0
7343822174,0.00,0,20,8,2
7424572151,0.00,0,18,8,4
6460126268,0.00,0,5,4,1
7518412514,0.00,0,25,10,0
6813981355,0.00,0,25,5,0
7462367851,0.00,0,19,9,2
7391294950,0.00,0,17,8,0
7531206327,0.00,0,20,9,1
7535887582,0.00,0,20,4,1
7611462244,0.00,0,24,5,1
7544176997,0.00,0,16,9,0
7368443506,0.00,0,15,8,2
7316227081,0.00,0,20,8,2
7467981112,0.00,0,20,4,1
7227581990,0.00,0,16,8,1
2057000606,0.00,0,19,5,1
7268703470,0.00,0,18,11,1
7516748013,0.00,0,19,6,0
7351869134,0.00,0,19,10,1
7236026429,0.00,0,18,11,1
7289155597,0.00,0,22,7,1
371574729,0.00,0,7,1,2
1645242597,0.00,0,4,1,0
7992059262,0.00,0,22,8,0
7500694206,0.00,0,19,9,2
7225059072,0.00,0,22,5,3
7467039127,0.00,0,23,6,1
7517986897,0.00,0,24,4,2
7257603260,0.00,0,20,9,1
7086375196,0.00,0,4,1,0
7355832587,0.00,0,18,6,1
7168432380,0.00,0,19,6,0
6706911853,0.00,0,19,9,2
7742172883,0.00,0,15,6,4
7412440052,0.00,0,22,8,0
7333873355,0.00,0,26,8,1
7122654153,0.00,0,25,5,0
7024102370,0.00,0,16,6,3
5536975837,0.00,0,4,4,2
7531053052,0.00,0,20,10,0
7254133185,0.00,0,15,7,3
7385378244,0.00,0,23,6,1
934733060,0.00,0,4,1,0
7074843868,0.00,0,23,5,2
7253483185,0.00,0,25,6,4
7170991250,0.00,0,4,1,0
7645013601,0.00,0,10,4,1
6769701207,0.00,0,22,3,0
7259788446,0.00,0,20,5,5
7299783631,0.00,0,19,6,0
6382072824,0.00,0,18,6,1
7559266375,0.00,0,23,7,0
6781351249,0.00,0,24,5,1
7143392412,0.00,0,18,12,0
7252728251,0.00,0,23,5,2
6797893068,0.00,0,18,11,1
7423915766,0.00,0,20,4,1
6237871068,0.00,0,3,5,2
6016165605,0.00,0,13,15,2
7387018684,0.00,0,17,11,2
7361865859,0.00,0,23,5,2
7915422016,0.00,0,17,5,3
7459315432,0.00,0,17,7,1
7083666134,0.00,0,17,8,0
7286554726,0.00,0,23,5,2
7960790104,0.00,0,7,3,0
500347114,0.00,0,11,4,0
1977787398,0.00,0,5,4,1
7399793464,0.00,0,18,7,0
5090920718,0.00,0,10,0,0
7166843942,0.00,0,17,8,0
7131098386,0.00,0,18,6,1
1313655838,0.00,0,4,1,0
7238454948,0.00,0,21,7,2
7287872293,0.00,0,23,7,0
6773962182,0.00,0,22,8,0
6585625569,0.00,0,19,3,3
7035705321,0.00,0,18,9,3
789008075,0.00,0,9,1,0
7339550445,0.00,0,19,6,0
5739834180,0.00,0,9,1,0
7508295811,0.00,0,16,5,4
6376502175,0.00,0,24,5,1
6751709914,0.00,0,22,6,2
7022854276,0.00,0,22,5,3
7582293097,0.00,0,26,4,0
7258720051,0.00,0,23,6,1
7398963638,0.00,0,23,6,1
5056845829,0.00,0,10,4,1
7429910843,0.00,0,19,10,1
7460601804,0.00,0,22,8,0
7265376720,0.00,0,18,4,3
7406020310,0.00,0,13,17,0
1825894091,0.00,0,1,2,2
7518120815,0.00,0,26,7,2
7537414088,0.00,0,24,6,0
6838534779,0.00,0,22,2,1
7529453739,0.00,0,17,11,2
6786075360,0.00,0,22,5,3
6527609547,0.00,0,19,11,0
7328211456,0.00,0,17,5,3
7476102716,0.00,0,21,3,1
6792957285,0.00,0,4,5,1
7221523190,0.00,0,21,8,1
7293266264,0.00,0,18,12,0
7093286377,0.00,0,26,8,1
5050024706,0.00,0,8,2,0
8166073805,0.00,0,67,31,2
7525928940,0.00,0,17,8,0
6490644817,0.00,0,22,7,1
7277757847,0.00,0,17,6,2
7083781730,0.00,0,21,6,3
7539538604,0.00,0,19,11,0
7910822615,0.00,0,23,6,1
7641184820,0.00,0,19,10,1
7102186519,0.00,0,16,6,3
7515636626,0.00,0,15,9,1
6693215238,0.00,0,61,17,2
8217528954,0.00,0,23,7,0
7526231795,0.00,0,22,2,1
7524328525,0.00,0,21,6,3
123269621,0.00,0,7,3,0
6874832310,0.00,0,20,10,0
7741021857,0.00,0,19,6,5
7406947776,0.00,0,16,9,0
7528610362,0.00,0,23,6,1
7243917179,0.00,0,22,6,2
7218375798,0.00,0,22,7,1
543915637,0.00,0,6,4,0
7365163808,0.00,0,24,5,1
7302060659,0.00,0,19,10,1
1995333671,0.00,0,8,6,1
7391278055,0.00,0,19,6,0
7460231977,0.00,0,18,6,1
7078564900,0.00,0,18,17,0
7259136878,0.00,0,22,8,0
7236861188,0.00,0,25,10,0
7059570349,0.00,0,23,5,2
7313860354,0.00,0,24,5,1
7268642996,0.00,0,27,3,0
7504295282,0.00,0,17,8,0
6900168197,0.00,0,20,9,1
976890184,0.00,0,10,5,0
7730030682,0.00,0,16,8,1
7000972482,0.00,0,18,8,4
6753963208,0.00,0,6,2,2
331398502,0.00,0,7,2,1
6501964541,0.00,0,20,9,1
8048528264,0.00,0,18,7,5
6767901200,0.00,0,17,2,1
6108639960,0.00,0,5,5,0
1803014807,0.00,0,9,1,0
7249909474,0.00,0,23,6,1
7505741141,0.00,0,19,5,1
468180322,0.00,0,10,0,0
7118748742,0.00,0,21,7,2
7344103016,0.00,0,26,2,2
373393639,0.00,0,5,4,1
7535766948,0.00,0,20,9,1
7452110071,0.00,0,19,10,1
1277859856,0.00,0,5,5,0
5499499758,0.00,0,2,2,1
7445951272,0.00,0,22,7,1
7245626741,0.00,0,19,9,2
2118377843,0.00,0,8,2,0
5855978428,0.00,0,17,7,1
7531073278,0.00,0,19,5,1
7208178966,0.00,0,23,6,1
1887188032,0.00,0,4,0,1
7496138736,0.00,0,21,7,2
7509607151,0.00,0,18,10,2
7821483809,0.00,0,23,6,1
1122604751,0.00,0,3,2,0
6887250910,0.00,0,9,1,0
5745220801,0.00,0,4,1,0
7256031983,0.00,0,20,9,1
1731341680,0.00,0,4,1,0
6953477537,0.00,0,19,8,3
472346107,0.00,0,9,1,0
741385364,0.00,0,6,4,0
7326395332,0.00,0,19,4,2
7627310495,0.00,0,25,4,1
7513990992,0.00,0,21,7,2
7354062304,0.00,0,19,10,1
7362370385,0.00,0,21,4,0
7155380679,0.00,0,27,3,0
7176040505,0.00,0,11,3,1
8012509088,0.00,0,21,2,2
7123764852,0.00,0,19,10,1
1166146476,0.00,0,3,2,0
7007130680,0.00,0,18,9,3
7540006532,0.00,0,21,4,0
7316358446,0.00,0,20,8,2
7092274930,0.00,0,21,6,3
7401157102,0.00,0,25,3,2
7227428101,0.00,0,26,4,0
7455911760,0.00,0,18,10,2
7405998714,0.00,0,19,9,2
7151982493,0.00,0,14,9,2
7392966594,0.00,0,19,6,0
7172794568,0.00,0,21,8,1
6971870140,0.00,0,16,11,3
6210586225,0.00,0,21,7,2
6472433397,0.00,0,17,5,3
5229321378,0.00,0,4,4,2
971460144,0.00,0,3,2,0
103849737,0.00,0,3,2,0
7540602350,0.00,0,20,7,3
7914665766,0.00,0,71,23,6
383535409,0.00,0,8,2,0
7522744926,0.00,0,21,7,2
7400708447,0.00,0,20,5,5
6800512575,0.00,0,26,8,1
7489546043,0.00,0,21,4,5
7494413956,0.00,0,20,10,0
7281428052,0.00,0,22,8,0
8176113230,0.00,0,23,6,1
7970588034,0.00,0,18,5,2
7461174836,0.00,0,19,9,2
5726981720,0.00,0,12,2,1
6778490199,0.00,0,14,11,0
7508579187,0.00,0,24,6,0
7450750009,0.00,0,21,8,1
7784712400,0.00,0,17,8,0
5518712130,0.00,0,9,4,2
7476228384,0.00,0,20,8,2
7594211718,0.00,0,24,6,0
7214025580,0.00,0,19,5,1
8483672222,0.00,0,5,0,0
7532485225,0.00,0,20,9,1
6805437706,0.00,0,20,10,0
7905015046,0.00,0,5,5,0
7496279165,0.00,0,18,4,3
7084341959,0.00,0,22,6,2
7283346632,0.00,0,16,11,3
7540692188,0.00,0,23,7,0
7591929584,0.00,0,14,10,1
7192978432,0.00,0,22,7,1
358790126,0.00,0,8,2,0
7486273430,0.00,0,17,6,2
2036584658,0.00,0,8,2,0
6824980844,0.00,0,17,12,1
6138648437,0.00,0,16,4,0
7468813456,0.00,0,14,8,3
7539529497,0.00,0,23,7,0
7266673781,0.00,0,16,8,1
7541673343,0.00,0,23,6,1
7108731178,0.00,0,16,6,3
7073760471,0.00,0,21,7,2
6434135544,0.00,0,21,9,0
7159811024,0.00,0,23,10,2
7881136175,0.00,0,6,4,0
6687391814,0.00,0,21,6,3
6325021613,0.00,0,8,2,0
7428107052,0.00,0,19,8,3
5863160672,0.00,0,6,4,0
7495008521,0.00,0,20,7,3
356123635,0.00,0,2,3,0
7258559901,0.00,0,20,9,1
7060494156,0.00,0,4,1,0
7441991059,0.00,0,21,7,2
7480426048,0.00,0,13,10,2
7280306252,0.00,0,17,7,1
7416832346,0.00,0,20,7,3
5874953631,0.00,0,15,8,2
7449786717,0.00,0,23,4,3
690383187,0.00,0,14,4,2
494907389,0.00,0,4,1,0
7712785140,0.00,0,18,5,2
6200368642,0.00,0,19,11,0
7345742241,0.00,0,19,9,2
7372099071,0.00,0,16,9,0
7536233856,0.00,0,17,6,2
263398148,0.00,0,4,1,0
7526400682,0.00,0,17,6,2
7398493647,0.00,0,25,4,1
7413591900,0.00,0,20,9,1
7091707181,0.00,0,22,7,1
7542533564,0.00,0,18,11,1
7289426827,0.00,0,20,4,1
8489592451,0.00,0,4,1,0
7492076636,0.00,0,25,4,1
7181294135,0.00,0,28,6,1
5207694131,0.00,0,17,3,0
7312855017,0.00,0,22,8,0
1305742480,0.00,0,8,2,0
7754268975,0.00,0,17,11,2
7756402203,0.00,0,16,3,1
7108132248,0.00,0,19,4,2
7287246135,0.00,0,16,8,1
1416726062,0.00,0,4,1,0
7918099090,0.00,0,19,6,0
7104892092,0.00,0,14,5,1
7817536460,0.00,0,20,8,2
7485558172,0.00,0,18,12,0
6240274442,0.00,0,6,4,0
7248399333,0.00,0,19,11,0
6072839551,0.00,0,20,4,1
5276473841,0.00,0,1,4,0
7179608102,0.00,0,24,4,2
7228336042,0.00,0,20,5,0
5485677264,0.00,0,12,2,1
6680889594,0.00,0,10,4,1
7247724682,0.00,0,20,8,2
7198391212,0.00,0,18,11,1
7396565480,0.00,0,21,8,1
7803084228,0.00,0,68,24,8
7464426681,0.00,0,24,5,1
7180679428,0.00,0,20,5,0
8124048929,0.00,0,74,22,4
7941504982,0.00,0,20,7,3
7134380853,0.00,0,20,4,1
6814736622,0.00,0,20,3,2
7044566581,0.00,0,23,6,1
6852954359,0.00,0,17,5,3
7512340330,0.00,0,20,10,0
7347361966,0.00,0,22,7,1
7503419029,0.00,0,22,6,2
6729228536,0.00,0,8,2,0
1720031464,0.00,0,6,4,0
7174429192,0.00,0,24,6,0
7024756813,0.00,0,22,4,4
6977473423,0.00,0,23,7,0
7442155152,0.00,0,20,9,1
7035019599,0.00,0,20,4,1
7283335342,0.00,0,20,9,1
7425387716,0.00,0,25,5,0
7504938238,0.00,0,23,7,0
7329411975,0.00,0,23,6,1
7516883780,0.00,0,18,8,4
7497955925,0.00,0,23,9,3
7405161782,0.00,0,27,3,0
6627785574,0.00,0,19,8,3
689489618,0.00,0,7,3,0
8004026937,0.00,0,17,7,1
6757209372,0.00,0,16,13,1
378057678,0.00,0,4,1,0
7271871487,0.00,0,18,10,2
2031054289,0.00,0,4,1,0
1982916652,0.00,0,20,4,1
5894894321,0.00,0,11,3,1
7063480880,0.00,0,19,4,2
7309371014,0.00,0,19,4,2
7035661923,0.00,0,21,7,2
6455045442,0.00,0,19,5,1
7892705747,0.00,0,26,3,1
6665938179,0.00,0,15,7,3
7820406290,0.00,0,18,5,2
6390021761,0.00,0,18,11,1
7414755394,0.00,0,19,9,2
199121952,0.00,0,4,3,3
7544558495,0.00,0,20,10,0
640879913,0.00,0,13,1,1
7464686927,0.00,0,20,9,1
637927622,0.00,0,14,5,1
5420123730,0.00,0,20,13,2
7353126618,0.00,0,22,6,2
7384264100,0.00,0,21,7,2
7236358911,0.00,0,21,8,1
7105090184,0.00,0,22,8,0
7174538392,0.00,0,14,8,3
5829759803,0.00,0,7,2,1
7307402941,0.00,0,22,6,2
7511841219,0.00,0,19,5,1
5707107257,0.00,0,7,3,0
7387333979,0.00,0,15,8,2
6142061554,0.00,0,8,5,2
652414137,0.00,0,7,3,0
7540707501,0.00,0,23,7,0
7238168956,0.00,0,12,11,2
7189888472,0.00,0,16,11,3
7437451591,0.00,0,15,9,1
7253889834,0.00,0,18,4,3
7062772424,0.00,0,24,5,1
7966706465,0.00,0,21,7,2
7151106425,0.00,0,20,3,2
6972199496,0.00,0,3,6,1
6733427777,0.00,0,21,8,1
7511687299,0.00,0,20,9,1
7242996231,0.00,0,24,4,2
7129246239,0.00,0,23,5,2
7529935480,0.00,0,24,6,0
1125941584,0.00,0,9,1,0
5090545490,0.00,0,6,1,3
7329081291,0.00,0,22,7,1
7915489529,0.00,0,6,3,1
7500334202,0.00,0,15,6,4
7435752641,0.00,0,19,10,1
6347403527,0.00,0,20,8,2
353295426,0.00,0,6,4,0
8022457699,0.00,0,7,3,0
7153334569,0.00,0,18,7,0
7235969482,0.00,0,26,2,2
7267017067,0.00,0,21,7,2
1738635769,0.00,0,76,24,5
7224879031,0.00,0,18,11,1
7431988904,0.00,0,17,8,0
7060841106,0.00,0,22,7,1
7229129288,0.00,0,19,6,0
6750360378,0.00,0,26,3,1
7219437560,0.00,0,18,10,2
7983481463,0.00,0,15,7,3
7149522049,0.00,0,20,10,0
7204820438,0.00,0,17,5,3
5999308743,0.00,0,7,3,0
855093418,0.00,0,7,8,0
5833266531,0.00,0,36,11,3
7313861453,0.00,0,8,2,0
6784986419,0.00,0,72,28,5
1508982442,0.00,0,4,0,1
345149114,0.00,0,3,2,0
8016356398,0.00,0,4,0,1
866061354,0.00,0,8,2,0
1104865215,0.00,0,8,1,1
319750420,0.00,0,4,1,0
1535867660,0.00,0,10,5,0
496939198,0.00,0,13,2,0
2060511894,0.00,0,16,4,0
353060668,0.00,0,8,1,1
7149308555,0.00,0,45,17,2
1819952696,0.00,0,8,5,2
8052899884,0.00,0,21,7,2
7084808387,0.00,0,49,19,2
1243671288,0.00,0,13,7,0
5514573736,0.00,0,40,19,1
6473815936,0.00,0,7,2,1
1628303346,0.00,0,7,2,1
7731364213,0.00,0,69,23,8
5749267709,0.00,0,3,2,0
5130771721,0.00,0,315,125,20
250751860,0.00,0,23,12,0
7065706027,0.00,0,2,3,0
1052941989,0.00,0,8,6,1
5029076613,0.00,0,0,0,0
501346795,0.00,0,4,5,1
1561759850,0.00,0,0,0,0
5020376275,0.00,0,16,3,1
6389197434,0.00,0,33,21,6
513992025,0.00,0,8,2,0
506378816,0.00,0,12,3,0
7997722479,0.00,0,12,1,2
727665827,0.00,0,3,2,0
576023881,0.00,0,22,2,1
304559521,0.00,0,3,1,1
5880147663,0.00,0,8,7,0
185769819,0.00,0,10,5,0
1274270464,0.00,0,9,4,2
501164365,0.00,0,10,3,2
6347380215,0.00,0,17,1,2
7227904926,0.00,0,19,11,0
674439027,0.00,0,11,8,1
34623039,0.00,0,9,1,0
68529263,0.00,0,12,7,1
1071269018,0.00,0,5,0,0
263134371,0.00,0,22,11,2
7733667225,0.00,0,61,36,3
335548938,0.00,0,11,4,0
6764540804,0.00,0,14,4,2
866536859,0.00,0,23,10,2
6490382188,0.00,0,24,10,1
5067694649,0.00,0,3,2,0
681819236,0.00,0,38,21,1
341738060,0.00,0,16,7,2
6470053937,0.00,0,70,33,7
1022666058,0.00,0,46,11,3
5591072966,0.00,0,2,3,0
221446510,0.00,0,3,7,0
318735245,0.00,0,262,82,21
5130677381,0.00,0,4,1,0
7869436979,0.00,0,15,8,2
1315455007,0.00,0,6,4,0
5754333551,0.00,0,0,0,0
7938441278,0.00,0,6,3,1
6473980982,0.00,0,15,5,0
422542802,0.00,0,40,13,2
2100605622,0.00,0,0,0,0
1775844783,0.00,0,4,5,1
430464447,0.00,0,7,7,1
6522316217,0.00,0,18,5,2
7896772258,0.00,0,0,0,0
187660651,0.00,0,8,5,2
7050913884,0.00,0,28,13,4
7537116949,0.00,0,7,2,1
411619071,0.00,0,4,1,0
1371643683,0.00,0,7,3,0
6039129221,0.00,0,8,1,1
129301243,0.00,0,86,30,4
1727203846,0.00,0,14,5,1
360946554,0.00,0,1,2,2
6733886194,0.00,0,8,2,0
503643382,0.00,0,3,6,1
6542168275,0.00,0,83,22,10
5012034536,0.00,0,14,5,1
2102054376,0.00,0,4,0,1
7690665393,0.00,0,16,4,0
6030515386,0.00,0,9,1,0
6682917620,0.00,0,7,3,0
328664777,0.00,0,8,1,1
7694384728,0.00,0,69,29,2
7886894662,0.00,0,4,1,0
6611686260,0.00,0,3,2,0
461362826,0.00,0,4,1,0
1250631098,0.00,0,13,5,2
1435270916,0.00,0,2,3,0
7606636956,0.00,0,65,29,6
1801332779,0.00,0,14,11,0
390115258,0.00,0,4,0,1
622067916,0.00,0,8,2,0
1846866536,0.00,0,0,0,0
1251849017,0.00,0,8,2,0
1939914174,0.00,0,9,3,3
5331010110,0.00,0,0,0,0
6964726372,0.00,0,7,6,2
1791514118,0.00,0,10,0,0
545049612,0.00,0,8,1,1
7220979309,0.00,0,5,4,1
716419645,0.00,0,26,15,4
570094721,0.00,0,42,21,2
460325191,0.00,0,15,4,1
139208852,0.00,0,32,24,4
6699751819,0.00,0,14,4,2
7095937144,0.00,0,7,3,0
6783748354,0.00,0,0,0,0
1103149212,0.00,0,4,1,0
5988910683,0.00,0,9,3,3
697399566,0.00,0,42,10,3
5820057214,0.00,0,9,1,0
7992587621,0.00,0,4,1,0
890094493,0.00,0,36,20,4
1356982468,0.00,0,20,7,3
1012333267,0.00,0,41,17,2
1297190626,0.00,0,3,2,0
456200245,0.00,0,16,4,0
785308733,0.00,0,10,5,0
6337927253,0.00,0,4,1,0
2074186866,0.00,0,5,0,0
7623614773,0.00,0,4,0,1
7078831316,0.00,0,72,21,7
775559685,0.00,0,4,1,0
898195354,0.00,0,8,2,0
5305424270,0.00,0,12,7,1
642548522,0.00,0,143,48,14
1651062553,0.00,0,5,0,0
6251893319,0.00,0,4,1,0
8585233894,0.00,0,4,1,0
6607679664,0.00,0,0,0,0
7367007462,0.00,0,9,1,0
1295346441,0.00,0,9,5,1
518688215,0.00,0,17,2,1
5379040621,0.00,0,4,1,0
7371089637,0.00,0,18,6,1
5782089683,0.00,0,11,4,0
8479725689,0.00,0,4,1,0
6998494039,0.00,0,11,2,2
8118847248,0.00,0,65,30,5
1006189819,0.00,0,9,6,0
1519014618,0.00,0,8,2,0
5050894570,0.00,0,5,0,0
446481706,0.00,0,0,0,0
304581269,0.00,0,3,2,0
7982400789,0.00,0,4,1,0
1042783823,0.00,0,12,2,1
1262252685,0.00,0,3,2,0
1172772448,0.00,0,45,22,3
6963273911,0.00,0,12,1,2
7614232326,0.00,0,9,4,2
7364188987,0.00,0,4,1,0
1526839948,0.00,0,3,1,1
6847047216,0.00,0,20,5,0
984398233,0.00,0,32,6,2
7583548667,0.00,0,7,3,0
6856821968,0.00,0,32,18,5
7468714637,0.00,0,15,5,0
8083758171,0.00,0,17,2,1
6999729442,0.00,0,18,6,1
7932977411,0.00,0,18,2,0
7629630651,0.00,0,4,1,0
689232279,0.00,0,12,2,1
8087185733,0.00,0,71,21,8
6367466725,0.00,0,11,4,0
7004917176,0.00,0,19,5,1
7740872150,0.00,0,30,25,5
586445202,0.00,0,15,7,3
8780421742,0.00,0,4,1,0
6952017186,0.00,0,8,2,0
6861029795,0.00,0,8,7,0
412448631,0.00,0,11,4,0
606215844,0.00,0,4,1,0
6031106162,0.00,0,11,3,1
8199491268,0.00,0,109,39,7
8505637742,0.00,0,4,1,0
5401258355,0.00,0,7,3,0
5878174639,0.00,0,8,2,0
7169306135,0.00,0,11,4,0
7225324908,0.00,0,1,3,1
5825577973,0.00,0,6,1,3
7284929685,0.00,0,10,4,1
6368966685,0.00,0,0,0,0
1628981727,0.00,0,3,5,2
7933975869,0.00,0,63,34,3
929882415,0.00,0,4,1,0
7805440134,0.00,0,0,0,0
7610940191,0.00,0,7,3,0
7201103244,0.00,0,19,20,6
803455258,0.00,0,4,1,0
7124760008,0.00,0,3,2,0
482762397,0.00,0,7,3,0
1936611073,0.00,0,14,1,0
863250467,0.00,0,5,0,0
433812283,0.00,0,7,3,0
6663911641,0.00,0,9,1,0
5276971494,0.00,0,7,2,1
7076248517,0.00,0,39,14,2
6388286606,0.00,0,4,4,2
7327962550,0.00,0,4,1,0
7380678357,0.00,0,24,5,1
842070363,0.00,0,11,4,0
498875185,0.00,0,11,7,2
6970076277,0.00,0,14,6,0
5022832421,0.00,0,5,0,0
326682087,0.00,0,17,8,0
1168127132,0.00,0,41,12,2
7545623102,0.00,0,5,0,0
697699768,0.00,0,5,4,1
319174966,0.00,0,5,4,1
6896550412,0.00,0,44,16,0
823888403,0.00,0,8,1,1
5963698016,0.00,0,10,5,0
181524319,0.00,0,0,0,0
7711751504,0.00,0,6,3,1
373056971,0.00,0,0,0,0
5936995743,0.00,0,39,14,2
1221793038,0.00,0,37,17,1
801627579,0.00,0,9,6,0
1772316143,0.00,0,0,0,0
7252002189,0.00,0,6,8,1
1664561230,0.00,0,6,4,0
489056123,0.00,0,7,2,1
7580658742,0.00,0,19,7,4
1279242590,0.00,0,4,1,0
333542722,0.00,0,36,20,4
1552707232,0.00,0,6,4,0
8116470625,0.00,0,15,4,1
7957438831,0.00,0,13,7,0
1913995981,0.00,0,47,16,2
376147801,0.00,0,21,4,0
276626631,0.00,0,0,0,0
7362764993,0.00,0,4,1,0
7650861928,0.00,0,21,3,1
1124112622,0.00,0,15,4,1
1442295192,0.00,0,75,34,11
7858116031,0.00,0,4,1,0
325808689,0.00,0,0,0,0
5272237890,0.00,0,15,5,0
5079260977,0.00,0,11,3,1
7391370325,0.00,0,7,5,3
1388814006,0.00,0,8,0,2
223222203,0.00,0,0,5,0
834156613,0.00,0,24,11,0
6547683271,0.00,0,16,3,1
164190065,0.00,0,14,3,3
243009604,0.00,0,3,2,0
1293262518,0.00,0,41,15,4
5482301568,0.00,0,0,0,0
8214208705,0.00,0,3,2,0
165304028,0.00,0,198,95,22
7022168832,0.00,0,6,2,2
94721605,0.00,0,28,12,0
1771607743,0.00,0,12,8,0
723901417,0.00,0,10,3,2
8385011250,0.00,0,0,0,0
1676768239,0.00,0,0,0,0
6428134042,0.00,0,4,1,0
6621311276,0.00,0,38,18,4
1808395237,0.00,0,33,17,0
5095079250,0.00,0,14,6,0
5445862223,0.00,0,0,0,0
7666938905,0.00,0,8,2,0
6748933330,0.00,0,12,2,1
438159110,0.00,0,8,2,0
6099879614,0.00,0,5,0,0
6556989920,0.00,0,5,3,2
6728113816,0.00,0,0,0,0
2138986435,0.00,0,8,2,0
7337861837,0.00,0,11,3,1
5145236316,0.00,0,0,0,0
1439968999,0.00,0,9,1,0
5051435272,0.00,0,10,4,1
5896508558,0.00,0,0,0,0
1715964477,0.00,0,1,3,1
6796705143,0.00,0,17,11,2
1824063333,0.00,0,25,4,1
1838223811,0.00,0,53,15,7
5575139884,0.00,0,3,2,0
5307537856,0.00,0,0,0,0
1609035924,0.00,0,37,21,2
1025748985,0.00,0,0,0,0
5098165668,0.00,0,9,1,0
1206207412,0.00,0,4,1,0
384147075,0.00,0,0,0,0
7023458536,0.00,0,5,5,0
7465949574,0.00,0,4,1,0
1126565403,0.00,0,15,5,0
7906320044,0.00,0,4,1,0
1598484371,0.00,0,8,2,0
616366938,0.00,0,17,7,1
6451508319,0.00,0,10,5,0
7841617467,0.00,0,62,24,4
2107354631,0.00,0,4,1,0
6973680201,0.00,0,12,3,0
6411676512,0.00,0,4,1,0
484996804,0.00,0,19,5,1
1911395018,0.00,0,4,1,0
555913898,0.00,0,10,4,1
7573193877,0.00,0,9,5,1
1942611965,0.00,0,4,1,0
7280839203,0.00,0,0,0,0
970980914,0.00,0,5,0,0
5449609632,0.00,0,0,0,0
6300891403,0.00,0,7,3,0
1905889277,0.00,0,4,1,0
6226852820,0.00,0,9,1,0
1328593004,0.00,0,21,4,5
440095997,0.00,0,2,3,0
1999746481,0.00,0,4,4,2
6929897733,0.00,0,8,2,0
1576911633,0.00,0,0,0,0
7717658720,0.00,0,101,41,8
383333412,0.00,0,11,8,1
777256257,0.00,0,11,4,0
5404323730,0.00,0,0,0,0
7534410584,0.00,0,8,7,0
6853623879,0.00,0,8,2,0
210417785,0.00,0,0,0,0
6880596724,0.00,0,45,20,0
2953143,0.00,0,7,3,0
7763630618,0.00,0,14,5,1
486736314,0.00,0,5,0,0
7042323423,0.00,0,27,2,1
580282127,0.00,0,47,11,2
174430893,0.00,0,13,2,0
1849377900,0.00,0,31,9,5
410808307,0.00,0,9,6,0
5441994497,0.00,0,0,0,0
1064067290,0.00,0,103,28,4
84899102,0.00,0,11,4,0
7414206820,0.00,0,0,0,0
7371288555,0.00,0,20,1,4
531400646,0.00,0,2,1,2
2093798465,0.00,0,49,41,10
1474104798,0.00,0,11,3,1
7097062699,0.00,0,42,12,1
358234481,0.00,0,4,1,0
631871678,0.00,0,6,4,0
7326159443,0.00,0,18,9,3
450206144,0.00,0,0,0,0
7419733002,0.00,0,3,1,1
7356697204,0.00,0,6,3,1
443532152,0.00,0,17,7,1
450386652,0.00,0,9,10,1
5874209586,0.00,0,7,3,0
6384922091,0.00,0,9,6,0
1511339605,0.00,0,0,0,0
793283539,0.00,0,233,77,20
1525677547,0.00,0,13,11,1
904728553,0.00,0,17,7,1
6593363320,0.00,0,16,4,0
6635594289,0.00,0,11,3,1
173239389,0.00,0,5,0,0
465124713,0.00,0,29,10,1
7801555473,0.00,0,4,1,0
291988274,0.00,0,7,2,1
1267669850,0.00,0,9,6,0
1564245359,0.00,0,74,27,4
1300152411,0.00,0,15,9,1
193181247,0.00,0,7,2,1
5534354979,0.00,0,0,0,0
5138278027,0.00,0,18,6,1
5333545579,0.00,0,5,3,2
7711405070,0.00,0,65,30,5
237744210,0.00,0,72,28,5
558958406,0.00,0,21,1,3
1762996074,0.00,0,4,1,0
7252816090,0.00,0,16,3,1
550440267,0.00,0,12,6,2
7123081312,0.00,0,10,4,1
521070581,0.00,0,8,10,2
414199240,0.00,0,7,3,0
619603118,0.00,0,3,2,0
569649470,0.00,0,10,0,0
6500914642,0.00,0,28,10,2
8454354242,0.00,0,3,2,0
6999366932,0.00,0,2,1,2
6805087814,0.00,0,13,2,0
2055413812,0.00,0,3,1,1
247351202,0.00,0,10,7,3
1463757374,0.00,0,8,1,1
6851083245,0.00,0,0,0,0
8530828485,0.00,0,4,1,0
7097140141,0.00,0,17,2,1
5449774030,0.00,0,7,3,0
1521949849,0.00,0,93,30,7
374646391,0.00,0,6,3,1
8013354177,0.00,0,34,15,1
1339151430,0.00,0,15,4,1
7289681084,0.00,0,18,9,3
5282570639,0.00,0,5,4,1
1377364302,0.00,0,4,1,0
